t_sim,x,y,z
0.188,0.160721,0.000000,0.000000
0.406,0.597170,0.000000,0.000000
0.616,1.016001,0.000000,0.000000
0.856,1.497487,0.000000,0.000000
1.063,1.910444,0.000000,0.000000
1.279,2.343545,0.000000,0.000000
1.488,2.761593,0.000000,0.000000
1.696,3.177448,0.000000,0.000000
1.902,3.589507,0.000000,0.000000
2.111,4.006975,0.000000,0.000000
2.319,4.422607,0.000000,0.000000
2.528,4.840530,0.000000,0.000000
2.735,5.254141,0.000000,0.000000
2.941,5.666434,0.000000,0.000000
3.153,6.090482,0.000000,0.000000
3.360,6.505822,0.000000,0.000000
3.568,6.920501,0.000000,0.000000
3.778,7.341074,0.000000,0.000000
3.992,7.768315,0.000000,0.000000
4.229,8.243793,0.000000,0.000000
4.436,8.656715,0.000000,0.000000
4.648,9.080078,0.000000,0.000000
4.858,9.501485,0.000000,0.000000
5.066,9.916639,0.000000,0.000000
5.273,10.330467,0.000000,0.000000
5.482,10.748184,0.000000,0.000000
5.690,11.164659,0.000000,0.000000
5.897,11.578792,0.000000,0.000000
6.105,11.994023,0.000000,0.000000
6.313,12.411398,0.000000,0.000000
6.523,12.830091,0.000000,0.000000
6.731,13.246803,0.000000,0.000000
6.938,13.660522,0.000000,0.000000
7.146,14.076919,0.000000,0.000000
7.355,14.494841,0.000000,0.000000
7.563,14.911325,0.000000,0.000000
7.772,15.328472,0.000000,0.023005
7.981,15.743363,0.000000,0.066237
8.187,16.148464,0.000000,0.142835
8.406,16.567591,0.000000,0.266914
8.616,16.960897,0.000000,0.410320
8.826,17.340048,0.000000,0.592863
9.049,17.721226,0.000000,0.822234
9.258,18.065079,0.000000,1.059931
9.468,18.383673,0.000000,1.333883
9.677,18.675243,0.000000,1.630336
9.884,18.949389,0.000000,1.942079
10.095,19.186600,0.000000,2.289672
10.303,19.397545,0.000000,2.647620
10.513,19.587164,0.000000,3.022797
10.722,19.728170,0.000000,3.416388
10.931,19.846096,0.000000,3.814946
11.139,19.931175,0.000000,4.222572
11.346,19.972609,0.000000,4.634526
11.556,19.990978,0.000000,5.052914
11.764,19.967590,0.000000,5.468431
11.972,19.908207,0.000000,5.879050
12.180,19.853563,0.003719,6.286875
12.395,20.001167,0.040573,6.688361
12.603,20.143957,0.076226,7.076768
12.811,20.287323,0.112021,7.466716
13.035,20.441143,0.150427,7.885098
13.242,20.583483,0.185966,8.272260
13.449,20.726164,0.221591,8.660357
13.656,20.868441,0.257114,9.047340
13.864,21.011179,0.292751,9.435563
14.074,21.157522,0.329143,9.828899
14.281,21.302288,0.365030,10.214443
14.488,21.447378,0.401002,10.600886
14.703,21.597630,0.438252,11.001075
14.926,21.753967,0.477008,11.417431
15.136,21.900927,0.513442,11.808850
15.347,22.048906,0.550128,12.202971
15.553,22.193073,0.585867,12.586928
15.779,22.351200,0.625068,13.008051
15.983,22.493963,0.660457,13.388177
16.190,22.639122,0.696443,13.774697
16.396,22.783560,0.732247,14.159281
16.603,22.928871,0.768268,14.546203
16.809,23.073141,0.804030,14.930326
17.018,23.219534,0.840321,15.320127
17.228,23.366425,0.876731,15.711220
17.437,23.513102,0.913089,16.101746
17.649,23.661131,0.949783,16.495888
17.859,23.808725,0.986370,16.888885
18.067,23.954037,1.022391,17.275782
18.273,24.098471,1.058195,17.660360
18.481,24.243868,1.094239,18.047522
18.689,24.389635,1.130371,18.435627
18.899,24.536945,1.166888,18.827850
19.106,24.681767,1.202787,19.213444
19.313,24.827175,1.238833,19.600620
19.520,24.972027,1.274741,19.986326
19.727,25.117134,1.310712,20.372692
19.936,25.263426,1.346976,20.762222
20.142,25.407988,1.382812,21.147148
20.349,25.552778,1.418704,21.532671
20.556,25.697952,1.454691,21.919205
20.763,25.842604,1.490549,22.304352
20.969,25.986841,1.526301,22.688370
21.176,26.132132,1.562317,23.075222
21.385,26.278263,1.598540,23.464312
21.591,26.422829,1.634375,23.849213
21.797,26.567268,1.670179,24.233793
22.003,26.711552,1.705947,24.617971
22.217,26.861595,1.743141,25.017488
22.428,27.008841,1.779644,25.409554
22.640,27.157528,1.816501,25.805450
22.849,27.304216,1.852863,26.196032
23.055,27.448591,1.888652,26.580446
23.267,27.597157,1.925480,26.976019
23.477,27.743828,1.961836,27.366535
23.684,27.889252,1.997885,27.753748
23.892,28.034883,2.033983,28.141487
24.099,28.179642,2.069866,28.526920
24.305,28.324293,2.105724,28.912077
24.512,28.468996,2.141596,29.297382
24.721,28.615446,2.177900,29.687323
25.118,28.893286,2.246775,30.427124
25.414,29.100683,2.298188,30.979345
25.623,29.247101,2.334483,31.369190
25.832,29.393667,2.370815,31.759447
26.041,29.540339,2.407173,32.149960
26.248,29.685032,2.443041,32.535225
26.453,29.828594,2.478629,32.917500
26.660,29.973492,2.514546,33.303295
26.863,30.116100,2.549895,33.682995
27.071,30.261478,2.585932,34.070087
27.277,30.406006,2.621757,34.454891
27.485,30.551760,2.657888,34.842976
27.696,30.699648,2.694548,35.236744
27.903,30.844418,2.730438,35.622238
28.111,30.990263,2.766592,36.010574
28.317,31.134556,2.802360,36.394749
28.524,31.279882,2.838386,36.781715
28.732,31.425400,2.874458,37.169178
28.940,31.570984,2.910546,37.556801
29.148,31.716799,2.946694,37.945065
29.355,31.861954,2.982675,38.331539
29.565,32.008606,3.019028,38.722023
29.775,32.155617,3.055470,39.113453
29.982,32.300865,3.091475,39.500191
30.189,32.445675,3.127371,39.885746
30.394,32.589798,3.163098,40.269501
30.602,32.735100,3.199119,40.656406
30.810,32.880627,3.235193,41.043896
31.016,33.025215,3.271035,41.428879
31.224,33.170799,3.307125,41.816513
31.432,33.316395,3.343214,42.204163
31.641,33.463306,3.379629,42.595295
31.849,33.608654,3.415662,42.982334
32.057,33.754230,3.451747,43.369926
32.263,33.898712,3.487562,43.754597
32.470,34.043774,3.523521,44.140842
32.683,34.192883,3.560484,44.537868
32.893,34.340248,3.597013,44.930233
33.099,34.484722,3.632822,45.314873
33.306,34.629436,3.668694,45.700191
33.512,34.773823,3.704491,46.084679
33.718,34.918312,3.740308,46.469421
33.926,35.063477,3.776296,46.855976
34.133,35.208652,3.812282,47.242516
34.340,35.353977,3.848303,47.629410
34.547,35.498672,3.884172,48.014717
34.753,35.643230,3.920006,48.399628
34.960,35.787979,3.955889,48.785061
35.166,35.932735,3.991775,49.170490
35.374,36.078175,4.027826,49.557709
35.597,36.234173,4.066495,49.973061
35.803,36.378857,4.102361,50.358292
36.011,36.524620,4.138495,50.746372
36.217,36.668804,4.174240,51.130306
36.423,36.813091,4.210006,51.514473
36.629,36.957283,4.245745,51.898373
36.837,37.102894,4.281841,52.286095
37.043,37.247528,4.317692,52.671185
0.000,0.000000,0.000000,0.000000
0.020,0.000000,0.000000,0.000000
0.020,0.000000,0.000000,0.000000
0.194,0.190173,0.000000,0.000000
0.421,0.645319,0.000000,0.000000
0.633,1.067955,0.000000,0.000000
0.840,1.483582,0.000000,0.000000
1.047,1.892838,0.000000,0.000000
1.256,2.310525,0.000000,0.000000
1.465,2.727381,0.000000,0.000000
1.674,3.146745,0.000000,0.000000
1.884,3.566005,0.000000,0.000000
2.091,3.981097,0.000000,0.000000
2.299,4.396582,0.000000,0.000000
2.507,4.812658,0.000000,0.000000
2.715,5.227246,0.000000,0.000000
2.924,5.645722,0.000000,0.000000
3.132,6.061650,0.000000,0.000000
3.341,6.479229,0.000000,0.000000
3.549,6.895597,0.000000,0.000000
3.756,7.309934,0.000000,0.000000
3.964,7.726266,0.000000,0.000000
4.175,8.148357,0.000000,0.000000
4.386,8.570432,0.000000,0.000000
4.595,8.988994,0.000000,0.000000
4.827,9.452778,0.000000,0.000000
5.035,9.868816,0.000000,0.000000
5.242,10.283065,0.000000,0.000000
5.452,10.701872,0.000000,0.000000
5.659,11.116520,0.000000,0.000000
5.866,11.531119,0.000000,0.000000
6.075,11.947584,0.000000,0.000000
6.282,12.361938,0.000000,0.000000
6.492,12.783174,0.000000,0.000000
6.706,13.210412,0.000000,0.000000
6.915,13.627923,0.000000,0.000000
7.123,14.044870,0.000000,0.000000
7.330,14.458757,0.000000,0.000000
7.545,14.887277,0.000000,0.000000
7.752,15.301116,0.000000,0.021255
7.959,15.713416,0.000000,0.060254
8.166,16.119043,0.000000,0.137175
8.373,16.517017,0.000000,0.250194
8.582,16.911619,0.000000,0.386635
8.790,17.287325,0.000000,0.567497
8.999,17.648561,0.000000,0.774642
9.209,18.000954,0.000000,1.005196
9.449,18.364302,0.000000,1.317111
9.662,18.664797,0.000000,1.618660
9.871,18.941187,0.000000,1.930241
10.080,19.177492,0.000000,2.276402
10.291,19.392591,0.000000,2.637152
10.500,19.581318,0.000000,3.011129
10.710,19.724731,0.000000,3.406017
10.920,19.844456,0.000000,3.807176
11.134,19.932096,0.000000,4.227019
11.341,19.972816,0.000000,4.636704
11.548,19.990791,0.000000,5.050943
11.758,19.967396,0.000000,5.470337
11.998,19.895786,0.000000,5.943963
12.205,19.873194,0.008790,6.345587
12.412,20.016077,0.044446,6.733612
12.619,20.158182,0.079906,7.119515
12.832,20.304670,0.116461,7.517321
13.038,20.447054,0.151991,7.903978
13.245,20.589661,0.187580,8.291264
13.452,20.731823,0.223055,8.677322
13.659,20.874104,0.258558,9.063690
13.866,21.016922,0.294196,9.451523
14.072,21.159988,0.329757,9.835530
14.278,21.304211,0.365513,10.219656
14.483,21.448374,0.401249,10.603573
14.689,21.592606,0.437005,10.987696
14.896,21.737654,0.472964,11.374009
15.104,21.882811,0.508948,11.760585
15.310,22.027428,0.544802,12.145765
15.517,22.172405,0.580743,12.531880
15.727,22.319082,0.617106,12.922533
15.933,22.463490,0.652905,13.307055
16.140,22.608578,0.688872,13.693382
16.350,22.755415,0.725270,14.084351
16.556,22.900049,0.761123,14.469456
16.763,23.045303,0.797129,14.856207
16.970,23.189854,0.832962,15.241090
17.176,23.334393,0.868790,15.625928
17.383,23.479708,0.904812,16.012846
17.589,23.623945,0.940568,16.396904
17.799,23.770613,0.976924,16.787416
18.009,23.917702,1.013387,17.179066
18.226,24.069613,1.051043,17.583536
18.454,24.229364,1.090643,18.008892
18.659,24.373114,1.126278,18.391659
18.867,24.518681,1.162363,18.779242
19.071,24.662052,1.197901,19.160976
19.277,24.806236,1.233643,19.544886
19.485,24.951843,1.269740,19.932598
19.690,25.095613,1.305379,20.315401
19.896,25.240067,1.341187,20.700018
20.103,25.384989,1.377112,21.085897
20.309,25.529194,1.412856,21.469828
20.517,25.674580,1.448895,21.856915
20.723,25.819181,1.484740,22.241957
20.930,25.964403,1.520740,22.628643
21.137,26.108952,1.556571,23.013506
21.343,26.253607,1.592428,23.398659
21.550,26.398378,1.628316,23.784143
21.757,26.543242,1.664227,24.169876
21.962,26.687389,1.699961,24.553696
22.169,26.831816,1.735761,24.938238
22.376,26.977028,1.771758,25.324881
22.583,27.122223,1.807749,25.711464
22.794,27.269768,1.844325,26.104322
23.001,27.414738,1.880260,26.490309
23.207,27.559525,1.916151,26.875820
23.421,27.709219,1.953260,27.274401
23.659,27.875769,1.994547,27.717880
23.875,28.027578,2.032178,28.122078
24.083,28.173019,2.068229,28.509314
24.290,28.318016,2.104172,28.895380
24.499,28.464243,2.140419,29.284716
24.715,28.615929,2.178021,29.688612
24.925,28.762543,2.214364,30.078981
25.130,28.906502,2.250051,30.462317
25.337,29.051706,2.286043,30.848915
25.544,29.196346,2.321898,31.234026
25.751,29.341198,2.357804,31.619715
25.957,29.485680,2.393618,32.004414
26.163,29.630323,2.429476,32.389542
26.370,29.775175,2.465385,32.775242
26.576,29.919699,2.501210,33.160049
26.784,30.065018,2.537233,33.546986
26.991,30.210220,2.573229,33.933632
27.198,30.355253,2.609181,34.319790
27.405,30.500021,2.645065,34.705235
27.612,30.645445,2.681115,35.092422
27.818,30.789751,2.716887,35.476665
28.025,30.934242,2.752705,35.861389
28.231,31.078421,2.788445,36.245274
28.437,31.223022,2.824290,36.630306
28.650,31.372156,2.861257,37.027374
28.863,31.521683,2.898320,37.425495
29.071,31.667500,2.934466,37.813736
29.296,31.824928,2.973490,38.232895
29.503,31.969538,3.009336,38.617928
29.711,32.115295,3.045469,39.006023
29.919,32.261349,3.081674,39.394913
30.127,32.406662,3.117699,39.781864
30.335,32.552444,3.153839,40.170067
30.541,32.696629,3.189573,40.553898
30.750,32.843178,3.225907,40.944164
30.956,32.988029,3.261809,41.329803
31.163,33.133030,3.297755,41.715893
31.374,33.280739,3.334370,42.109173
31.582,33.426479,3.370502,42.497272
31.791,33.572613,3.406727,42.886360
31.997,33.717220,3.442573,43.271389
32.205,33.862858,3.478678,43.659206
32.413,34.008240,3.514714,44.046291
32.621,34.153816,3.550802,44.433914
32.828,34.298943,3.586781,44.820366
33.039,34.446819,3.623437,45.214104
33.247,34.592834,3.659627,45.602848
33.454,34.737770,3.695556,45.988770
33.663,34.884090,3.731824,46.378307
33.871,35.029705,3.767921,46.766014
34.079,35.175686,3.804106,47.154686
34.288,35.321835,3.840337,47.543846
34.495,35.467186,3.876367,47.930843
34.720,35.624821,3.915441,48.350536
34.943,35.780964,3.954146,48.766270
35.190,35.953926,3.997022,49.226795
35.396,36.097858,4.032701,49.610065
35.607,36.246140,4.069459,50.004883
35.815,36.391689,4.105539,50.392448
36.022,36.536392,4.141409,50.777756
36.230,36.682449,4.177615,51.166656
36.455,36.840229,4.216722,51.586708
36.679,36.996830,4.255541,52.003674
36.887,37.142380,4.291625,52.391266
37.095,37.288342,4.327808,52.779903
37.304,37.434521,4.364047,53.169121
37.508,37.577702,4.399541,53.550369
37.720,37.726219,4.436360,53.945854
37.928,37.871719,4.472431,54.333282
38.133,38.015511,4.508073,54.716118
38.341,38.161392,4.544232,55.104504
38.548,38.305901,4.580056,55.489319
38.754,38.450508,4.615901,55.874340
38.961,38.595287,4.651786,56.259781
39.168,38.740665,4.687826,56.646870
39.374,38.884651,4.723516,57.030231
39.582,39.030251,4.759610,57.417919
39.794,39.179058,4.796494,57.814117
40.001,39.324196,4.832469,58.200531
40.208,39.468967,4.868360,58.586021
40.415,39.613983,4.904307,58.972149
40.621,39.758232,4.940063,59.356201
40.829,39.903828,4.976158,59.743908
41.036,39.795441,4.995848,59.981915
41.240,39.391685,4.996212,60.043064
41.447,38.981842,4.996580,60.105129
41.653,38.574207,4.996948,60.166847
41.863,38.160511,4.997319,60.229496
42.071,37.748314,4.997690,60.291943
42.295,37.305443,4.998088,60.359028
42.502,36.896194,4.998455,60.421009
42.717,36.471912,4.998837,60.485271
42.923,36.063992,4.999204,60.547058
43.127,35.659809,4.999568,60.608265
43.335,35.248901,4.999935,60.670502
43.544,35.597183,4.999957,60.803940
43.751,35.988186,4.999957,60.940540
43.958,36.379642,4.999958,61.077305
44.164,36.767937,4.999959,61.212952
44.371,37.159946,4.999973,61.349918
44.578,37.549683,4.999994,61.486076
44.787,37.927311,4.999998,61.663128
44.993,38.298027,4.999998,61.844925
45.200,38.669262,4.999998,62.026939
45.407,39.042274,4.999998,62.209873
45.614,39.413078,4.999998,62.391697
45.821,39.785259,4.999998,62.574188
46.033,40.150280,4.999998,62.786762
46.240,40.495632,4.999998,63.016342
46.448,40.841541,4.999998,63.246300
46.655,41.186642,4.999998,63.475708
46.861,41.529434,4.999998,63.703594
47.066,41.871880,4.999998,63.931236
47.276,42.211845,4.999998,64.173477
47.483,42.523945,4.999998,64.445786
47.696,42.844864,4.999998,64.725800
47.912,43.170734,4.999998,65.010170
48.147,43.525116,4.999998,65.319443
48.354,43.837597,4.999998,65.592133
48.561,44.143524,4.999998,65.869156
48.769,44.418022,4.999998,66.180611
48.974,44.690323,4.999998,66.489578
49.182,44.964474,4.999998,66.800636
49.388,45.237404,4.999998,67.110313
49.595,45.511497,4.999998,67.421303
49.812,45.798096,4.999999,67.746513
50.019,46.033916,4.999999,68.084579
50.226,46.264977,4.999999,68.428558
50.433,46.496601,4.999999,68.773392
50.641,46.728458,4.999999,69.118538
50.850,46.961311,4.999999,69.465210
51.059,47.194107,4.999999,69.811852
51.266,47.398705,4.999999,70.171555
51.476,47.585323,4.999999,70.547783
51.683,47.769348,4.999999,70.918701
51.891,47.954082,4.999999,71.291039
52.099,48.138630,4.999999,71.663078
52.342,48.355072,4.999999,72.099380
52.552,48.518326,4.999999,72.484100
52.850,48.711487,4.999999,73.048759
53.056,48.844692,4.999999,73.438293
53.382,49.056004,4.999999,74.056091
53.659,49.235138,4.999999,74.579849
53.878,49.348083,4.999999,75.001030
54.084,49.429562,4.999999,75.405853
54.291,49.511353,4.999999,75.812073
54.523,49.602768,4.999999,76.266205
54.732,49.685230,4.999999,76.675758
54.940,49.767391,4.999999,77.083916
55.152,49.830288,4.999999,77.501686
55.359,49.858437,4.999999,77.916084
55.566,49.886494,4.999999,78.329277
55.775,49.914803,4.999999,78.745987
55.983,49.942963,4.999999,79.160439
56.190,49.971043,4.999999,79.573914
56.397,49.994534,4.999999,79.986931
56.642,49.963615,4.999999,80.476654
56.852,49.937244,4.999999,80.894394
57.060,49.910946,4.999999,81.310822
57.269,49.884674,4.999999,81.726936
57.499,49.855690,4.999999,82.186340
57.706,49.824776,4.999999,82.600052
57.915,49.744160,4.999999,83.010262
58.123,49.663986,4.999999,83.418251
58.337,49.581623,4.999999,83.837357
58.545,49.501587,4.999999,84.244659
58.753,49.421059,4.999999,84.654442
58.960,49.341293,4.999999,85.060471
59.173,49.214474,4.999999,85.465919
59.380,49.082386,4.999999,85.858078
59.592,48.946995,4.999999,86.259972
59.798,48.815235,4.999999,86.651192
60.005,48.683132,4.999999,87.043419
60.215,48.549324,4.999999,87.440697
60.427,48.383511,4.999999,87.831032
60.648,48.189026,4.999999,88.227898
60.855,48.007271,4.999999,88.598747
61.064,47.823109,4.999999,88.974495
61.272,47.639843,4.999999,89.348427
61.481,47.455700,4.999999,89.724152
61.689,47.255409,4.999999,90.086464
61.898,47.024361,4.999999,90.434082
62.105,46.795105,4.999999,90.779022
62.313,46.564697,4.999999,91.125648
62.524,46.330540,4.999999,91.477936
62.732,46.100468,4.999999,91.824112
62.938,45.868149,4.999999,92.164391
63.145,45.596081,4.999999,92.476120
63.353,45.323017,4.999999,92.789009
63.561,45.048515,4.999999,93.103569
63.769,44.775646,4.999999,93.416199
63.981,44.496296,4.999999,93.736313
64.194,44.217014,4.999999,94.056343
64.403,43.909718,4.999999,94.338593
64.610,43.598179,4.999999,94.613113
64.835,43.261150,4.999999,94.910133
65.042,42.950809,4.999999,95.183586
65.249,42.639565,4.999999,95.457878
65.457,42.327469,4.999999,95.732895
65.664,41.995689,4.999999,95.979912
65.871,41.652794,4.999999,96.210258
66.078,41.308281,4.999999,96.441658
66.285,40.965103,4.999999,96.672188
66.491,40.622757,4.999999,96.902153
66.699,40.277302,4.999999,97.134232
66.907,39.924038,5.000000,97.351158
67.116,39.549633,5.000000,97.536896
67.323,39.179302,5.000000,97.720650
67.529,38.810150,5.000000,97.903793
67.737,38.436363,5.000000,98.089233
67.946,38.062382,5.000000,98.274803
68.156,37.686115,5.000000,98.459641
68.364,37.292595,5.000000,98.594337
68.573,36.896385,5.000000,98.729912
68.781,36.503170,5.000000,98.864441
68.990,36.107895,5.000000,98.999748
69.195,35.718719,5.000000,99.132927
69.403,35.326752,5.000000,99.267059
69.659,34.827755,5.000000,99.382637
69.866,34.422379,5.000000,99.464195
70.076,34.010689,5.000000,99.547012
70.282,33.606194,5.000000,99.628441
70.491,33.196556,5.000000,99.710907
70.699,32.789650,5.000000,99.792831
70.913,32.363697,5.000000,99.841057
71.120,31.951227,5.000000,99.868805
71.330,31.532431,5.000000,99.896965
71.539,31.115030,5.000000,99.925056
71.748,30.697989,5.000000,99.953072
71.958,30.279650,5.000000,99.981186
72.165,29.865311,5.000000,99.985352
72.375,29.446615,5.000000,99.958893
72.587,29.024048,5.000000,99.932182
72.822,28.554020,5.000000,99.902489
73.031,28.136969,5.000000,99.876137
73.237,27.725454,5.000000,99.850121
73.445,27.312183,5.000000,99.807106
73.652,26.906523,5.000000,99.727440
73.863,26.492210,5.000000,99.646111
74.070,26.087109,5.000000,99.566582
74.279,25.677004,5.000000,99.486053
74.486,25.270878,5.000000,99.406319
74.693,24.863678,5.000000,99.326385
0.000,0.000000,0.000000,0.000000
0.020,0.000000,0.000000,0.000000
0.219,0.000000,0.000000,0.000000
0.552,0.000000,0.000000,0.000000
0.552,0.000000,0.000000,0.000000
0.552,0.000000,0.000000,0.000000
0.938,0.000000,0.000000,0.000000
1.237,0.000000,0.000000,0.000000
1.237,0.000000,0.000000,0.000000
1.570,0.000000,0.000000,0.000000
1.570,0.000000,0.000000,0.000000
1.904,0.000000,0.000000,0.000000
1.904,0.000000,0.000000,0.000000
1.904,0.000000,0.000000,0.000000
1.904,0.000000,0.000000,0.000000
2.237,0.000000,0.000000,0.000000
2.237,0.000000,0.000000,0.000000
2.570,0.000000,0.000000,0.000000
2.570,0.000000,0.000000,0.000000
2.570,0.000000,0.000000,0.000000
2.904,0.000000,0.000000,0.000000
2.904,0.000000,0.000000,0.000000
2.904,0.000000,0.000000,0.000000
2.904,0.000000,0.000000,0.000000
2.904,0.000000,0.000000,0.000000
2.904,0.000000,0.000000,0.000000
2.904,0.000000,0.000000,0.000000
2.904,0.000000,0.000000,0.000000
2.904,0.000000,0.000000,0.000000
2.904,0.000000,0.000000,0.000000
2.904,0.000000,0.000000,0.000000
2.904,0.000000,0.000000,0.000000
2.904,0.000000,0.000000,0.000000
2.904,0.000000,0.000000,0.000000
2.904,0.000000,0.000000,0.000000
CUBE_2,11.802,2.063515,0.000000,2.329527
CUBE_2,12.009,1.789666,0.000000,2.020375
CUBE_2,12.215,1.516513,0.000000,1.712011
CUBE_2,12.422,1.241284,0.000000,1.401301
CUBE_2,12.630,0.965679,0.000000,1.090167
CUBE_2,12.840,0.687578,0.000000,0.776216
CUBE_2,13.045,0.415068,0.000000,0.468576
CUBE_2,13.250,0.143214,0.000000,0.161676
CUBE_2,13.455,0.274341,0.000000,0.031400
CUBE_2,13.662,0.686869,0.000000,0.023307
CUBE_2,13.867,1.096793,0.000000,0.015266
CUBE_2,14.088,1.539415,0.000000,0.006583
CUBE_2,14.295,1.954139,0.000000,0.000867
CUBE_2,14.502,2.368311,0.000000,0.000667
CUBE_2,14.710,2.783994,0.000000,0.000466
CUBE_2,14.919,3.201974,0.000000,0.000264
CUBE_2,15.125,3.613560,0.000000,0.000066
CUBE_2,15.333,4.028919,0.000000,0.000020
CUBE_2,15.539,4.441459,0.000000,0.000015
CUBE_2,15.746,4.854576,0.000000,0.000010
CUBE_2,15.956,5.275733,0.000000,0.000004
CUBE_2,16.174,5.710568,0.000000,0.000001
CUBE_2,16.382,6.126795,0.000000,0.000000
CUBE_2,16.587,6.538268,0.000000,0.000000
CUBE_2,16.795,6.953453,0.000000,0.000000
CUBE_2,17.011,7.384501,0.000000,0.000000
CUBE_2,17.218,7.799822,0.000000,0.000000
CUBE_2,17.424,8.211354,0.000000,0.000000
CUBE_2,17.650,8.663381,0.000000,0.000000
CUBE_2,17.859,9.080925,0.000000,0.000000
CUBE_2,18.067,9.497383,0.000000,0.000000
CUBE_2,18.275,9.914084,0.000000,0.000000
CUBE_2,18.483,10.328964,0.000000,0.000000
CUBE_2,18.690,10.744478,0.000000,0.000000
CUBE_2,18.897,11.157752,0.000000,0.000000
CUBE_2,19.104,11.570631,0.000000,0.000000
CUBE_2,19.310,11.983803,0.000000,0.000000
CUBE_2,19.518,12.400367,0.000000,0.000000
CUBE_2,19.727,12.816624,0.000000,0.000000
CUBE_2,19.936,13.235642,0.000000,0.000000
CUBE_2,20.148,13.659807,0.000000,0.000000
CUBE_2,20.359,14.081916,0.000000,0.000000
CUBE_2,20.565,14.494446,0.000000,0.000000
CUBE_2,20.773,14.910366,0.000000,0.000000
CUBE_2,20.983,15.328173,0.000000,0.022995
CUBE_2,21.193,15.745710,0.000000,0.066653
CUBE_2,21.402,16.156401,0.000000,0.144328
CUBE_2,21.629,16.590998,0.000000,0.274699
CUBE_2,21.836,16.977463,0.000000,0.418605
CUBE_2,22.044,17.352772,0.000000,0.599075
CUBE_2,22.253,17.710041,0.000000,0.814677
CUBE_2,22.462,18.053942,0.000000,1.050219
CUBE_2,22.673,18.375069,0.000000,1.326440
CUBE_2,22.882,18.667791,0.000000,1.621975
CUBE_2,23.095,18.949024,0.000000,1.941405
CUBE_2,23.306,19.187660,0.000000,2.291182
CUBE_2,23.520,19.403702,0.000000,2.659568
CUBE_2,23.730,19.592527,0.000000,3.033390
CUBE_2,23.939,19.732487,0.000000,3.428193
CUBE_2,24.153,19.851185,0.000000,3.838523
CUBE_2,24.366,19.938120,0.000000,4.255686
CUBE_2,24.573,19.975052,0.000000,4.667336
CUBE_2,24.782,19.988798,0.000000,5.084950
CUBE_2,24.988,19.965925,0.000000,5.496155
CUBE_2,25.202,19.900827,0.000000,5.918198
CUBE_2,25.421,19.874495,0.008931,6.343401
CUBE_2,25.632,20.019239,0.045072,6.737143
CUBE_2,25.841,20.163347,0.081055,7.129171
CUBE_2,26.052,20.308296,0.117246,7.523470
CUBE_2,26.261,20.452044,0.153139,7.914506
CUBE_2,26.471,20.596182,0.189131,8.306636
CUBE_2,26.678,20.738817,0.224745,8.694639
CUBE_2,26.886,20.881718,0.260424,9.083359
CUBE_2,27.095,21.024988,0.296197,9.473097
CUBE_2,27.298,21.166882,0.331461,9.853781
CUBE_2,27.508,21.313301,0.367761,10.243763
CUBE_2,27.717,21.459900,0.404104,10.634203
CUBE_2,27.924,21.605165,0.440116,11.021087
CUBE_2,28.130,21.749535,0.475910,11.405626
CUBE_2,28.339,21.895565,0.512111,11.794545
CUBE_2,28.548,22.041988,0.548411,12.184515
CUBE_2,28.756,22.187805,0.584561,12.572886
CUBE_2,28.963,22.332712,0.620486,12.958833
CUBE_2,29.169,22.477274,0.656321,13.343751
CUBE_2,29.376,22.621870,0.692164,13.728750
CUBE_2,29.619,22.792435,0.734444,14.182891
CUBE_2,29.827,22.937836,0.770490,14.570055
CUBE_2,30.041,23.087847,0.807676,14.969481
CUBE_2,30.250,23.234333,0.843987,15.359514
CUBE_2,30.457,23.379519,0.879974,15.746060
CUBE_2,30.666,23.525549,0.916174,16.134888
CUBE_2,30.874,23.671391,0.952329,16.523233
CUBE_2,31.091,23.823639,0.990072,16.928637
CUBE_2,31.301,23.970743,1.026537,17.320312
CUBE_2,31.511,24.117292,1.062862,17.710489
CUBE_2,31.719,24.263000,1.098980,18.098442
CUBE_2,31.931,24.412132,1.135947,18.495520
CUBE_2,32.140,24.558346,1.172193,18.884844
CUBE_2,32.349,24.704859,1.208514,19.274961
CUBE_2,32.590,24.873312,1.250270,19.723476
CUBE_2,32.798,25.019176,1.286427,20.111849
CUBE_2,33.005,25.164114,1.322356,20.497753
CUBE_2,33.210,25.308077,1.358043,20.881084
CUBE_2,33.418,25.453466,1.394083,21.268190
CUBE_2,33.624,25.597809,1.429865,21.652540
CUBE_2,33.832,25.743166,1.465898,22.039570
CUBE_2,34.040,25.889269,1.502113,22.428576
CUBE_2,34.244,26.032419,1.537601,22.809740
CUBE_2,34.451,26.177349,1.573525,23.195608
CUBE_2,34.662,26.324757,1.610066,23.588114
CUBE_2,34.870,26.470360,1.646160,23.975798
CUBE_2,35.083,26.620022,1.683259,24.374285
CUBE_2,35.309,26.778526,1.722550,24.796318
CUBE_2,35.518,26.924772,1.758802,25.185705
CUBE_2,35.726,27.070307,1.794880,25.573235
CUBE_2,35.940,27.219973,1.831981,25.971727
CUBE_2,36.149,27.366610,1.868330,26.362160
CUBE_2,36.356,27.511681,1.904292,26.748436
CUBE_2,36.583,27.670460,1.943653,27.171219
CUBE_2,36.790,27.815775,1.979675,27.558134
CUBE_2,37.007,27.967758,2.017352,27.962833
CUBE_2,37.213,28.112282,2.053177,28.347641
CUBE_2,37.421,28.257992,2.089297,28.735607
CUBE_2,37.629,28.403721,2.125419,29.123608
CUBE_2,37.838,28.549574,2.161572,29.511948
CUBE_2,38.048,28.696865,2.198082,29.904102
CUBE_2,38.256,28.842693,2.234234,30.292410
CUBE_2,38.464,28.988148,2.270290,30.679703
CUBE_2,38.672,29.133993,2.306445,31.068048
CUBE_2,38.880,29.279514,2.342515,31.455479
CUBE_2,39.088,29.425406,2.378679,31.843922
CUBE_2,39.296,29.570910,2.414750,32.231354
CUBE_2,39.505,29.717899,2.451189,32.622765
CUBE_2,39.714,29.864103,2.487430,33.012028
CUBE_2,39.923,30.010687,2.523766,33.402325
CUBE_2,40.164,30.178900,2.565465,33.850216
CUBE_2,40.379,30.330000,2.602922,34.252552
CUBE_2,40.591,30.478323,2.639691,34.647491
CUBE_2,40.827,30.643520,2.680640,35.087330
CUBE_2,41.059,30.806404,2.721017,35.521030
CUBE_2,41.277,30.959030,2.758850,35.927399
CUBE_2,41.490,31.108162,2.795817,36.324474
CUBE_2,41.699,31.254580,2.832111,36.714314
CUBE_2,41.904,31.397984,2.867661,37.096130
CUBE_2,42.111,31.542952,2.903598,37.482136
CUBE_2,42.319,31.688875,2.939770,37.870678
CUBE_2,42.527,31.834471,2.975864,38.258389
CUBE_2,42.734,31.979549,3.011825,38.644657
CUBE_2,42.942,32.125034,3.047885,39.031990
CUBE_2,43.147,32.269146,3.083611,39.415730
CUBE_2,43.355,32.414837,3.119727,39.803646
CUBE_2,43.564,32.561172,3.155999,40.193256
CUBE_2,43.773,32.707722,3.192324,40.583431
CUBE_2,43.985,32.855976,3.229074,40.978161
CUBE_2,0.000,2.072030,0.000000,2.339140
CUBE_2,0.154,2.072030,0.000000,2.339140
CUBE_2,0.154,2.072030,0.000000,2.339140
CUBE_2,0.154,2.072030,0.000000,2.339140
CUBE_2,0.154,2.072030,0.000000,2.339140
CUBE_2,0.154,2.072030,0.000000,2.339140
CUBE_2,0.154,2.072030,0.000000,2.339140
CUBE_2,0.154,2.072030,0.000000,2.339140
CUBE_2,0.154,2.072030,0.000000,2.339140
CUBE_2,0.154,2.072030,0.000000,2.339140
CUBE_2,0.154,2.072030,0.000000,2.339140
CUBE_2,0.154,2.072030,0.000000,2.339140
CUBE_2,0.154,2.072030,0.000000,2.339140
CUBE_2,0.154,2.072030,0.000000,2.339140
CUBE_2,0.154,2.072030,0.000000,2.339140
CUBE_2,0.154,2.072030,0.000000,2.339140
CUBE_2,0.154,2.072030,0.000000,2.339140
CUBE_2,0.154,2.072030,0.000000,2.339140
CUBE_2,0.154,2.072030,0.000000,2.339140
CUBE_2,0.154,2.072030,0.000000,2.339140
CUBE_2,0.154,2.072030,0.000000,2.339140
CUBE_2,0.154,2.072030,0.000000,2.339140
CUBE_2,0.154,2.072030,0.000000,2.339140
CUBE_2,0.154,2.072030,0.000000,2.339140
CUBE_2,0.154,2.072030,0.000000,2.339140
CUBE_2,0.154,2.072030,0.000000,2.339140
CUBE_2,0.154,2.072030,0.000000,2.339140
CUBE_2,0.154,2.072030,0.000000,2.339140
CUBE_2,0.154,2.072030,0.000000,2.339140
CUBE_2,0.154,2.072030,0.000000,2.339140
CUBE_2,0.154,2.072030,0.000000,2.339140
CUBE_2,0.154,2.072030,0.000000,2.339140
CUBE_2,0.154,2.072030,0.000000,2.339140
CUBE_2,0.154,2.072030,0.000000,2.339140
CUBE_2,0.154,2.072030,0.000000,2.339140
CUBE_2,0.154,2.072030,0.000000,2.339140
CUBE_2,0.154,2.072030,0.000000,2.339140
CUBE_2,0.154,2.072030,0.000000,2.339140
CUBE_2,0.154,2.072030,0.000000,2.339140
CUBE_2,0.154,2.072030,0.000000,2.339140
CUBE_2,0.154,2.072030,0.000000,2.339140
CUBE_2,0.487,2.072030,0.000000,2.339140
CUBE_2,0.487,2.072030,0.000000,2.339140
CUBE_2,0.487,2.072030,0.000000,2.339140
CUBE_2,0.487,2.072030,0.000000,2.339140
CUBE_2,0.487,2.072030,0.000000,2.339140
CUBE_2,0.487,2.072030,0.000000,2.339140
CUBE_2,0.487,2.072030,0.000000,2.339140
CUBE_2,0.487,2.072030,0.000000,2.339140
CUBE_2,0.487,2.072030,0.000000,2.339140
CUBE_2,0.820,2.072030,0.000000,2.339140
CUBE_2,0.820,2.072030,0.000000,2.339140
CUBE_2,1.154,2.072030,0.000000,2.339140
CUBE_2,1.154,2.072030,0.000000,2.339140
CUBE_2,1.154,2.072030,0.000000,2.339140
CUBE_2,1.154,2.072030,0.000000,2.339140
CUBE_2,1.154,2.072030,0.000000,2.339140
CUBE_2,1.154,2.072030,0.000000,2.339140
CUBE_2,1.154,2.072030,0.000000,2.339140
CUBE_2,1.154,2.072030,0.000000,2.339140
CUBE_2,1.154,2.072030,0.000000,2.339140
CUBE_2,1.487,2.072030,0.000000,2.339140
CUBE_2,1.487,2.072030,0.000000,2.339140
CUBE_2,1.487,2.072030,0.000000,2.339140
CUBE_2,1.820,2.072030,0.000000,2.339140
CUBE_2,2.067,2.072030,0.000000,2.339140
CUBE_2,2.141,2.072030,0.000000,2.339140
CUBE_2,2.141,2.072030,0.000000,2.339140
CUBE_2,2.141,2.072030,0.000000,2.339140
CUBE_2,2.141,2.072030,0.000000,2.339140
CUBE_2,2.141,2.072030,0.000000,2.339140
CUBE_2,2.141,2.072030,0.000000,2.339140
CUBE_2,2.474,2.072030,0.000000,2.339140
CUBE_2,2.637,2.072030,0.000000,2.339140
CUBE_2,2.637,2.072030,0.000000,2.339140
CUBE_2,2.637,2.072030,0.000000,2.339140
CUBE_2,2.637,2.072030,0.000000,2.339140
CUBE_2,3.066,2.072030,0.000000,2.339140
CUBE_2,3.066,2.072030,0.000000,2.339140
CUBE_2,3.066,2.072030,0.000000,2.339140
CUBE_2,3.400,2.072030,0.000000,2.339140
CUBE_2,3.619,2.072030,0.000000,2.339140
CUBE_2,3.791,2.072030,0.000000,2.339140
CUBE_2,3.791,2.072030,0.000000,2.339140
CUBE_2,3.791,2.072030,0.000000,2.339140
CUBE_2,4.196,2.072030,0.000000,2.339140
CUBE_2,4.196,2.072030,0.000000,2.339140
CUBE_2,4.570,2.072030,0.000000,2.339140
CUBE_2,4.570,2.072030,0.000000,2.339140
CUBE_2,4.570,2.072030,0.000000,2.339140
CUBE_2,5.019,2.072030,0.000000,2.339140
CUBE_2,5.100,2.072030,0.000000,2.339140
CUBE_2,5.100,2.072030,0.000000,2.339140
CUBE_2,5.100,2.072030,0.000000,2.339140
CUBE_2,5.100,2.072030,0.000000,2.339140
CUBE_2,5.100,2.072030,0.000000,2.339140
CUBE_2,5.100,2.072030,0.000000,2.339140
CUBE_2,5.100,2.072030,0.000000,2.339140
CUBE_2,5.100,2.072030,0.000000,2.339140
CUBE_2,5.100,2.072030,0.000000,2.339140
CUBE_2,5.434,2.072030,0.000000,2.339140
CUBE_2,5.585,2.072030,0.000000,2.339140
CUBE_2,5.585,2.072030,0.000000,2.339140
CUBE_2,5.585,2.072030,0.000000,2.339140
CUBE_2,5.585,2.072030,0.000000,2.339140
CUBE_2,5.585,2.072030,0.000000,2.339140
CUBE_2,5.585,2.072030,0.000000,2.339140
CUBE_2,5.585,2.072030,0.000000,2.339140
CUBE_2,5.918,2.072030,0.000000,2.339140
CUBE_2,0.144,1.980868,0.000000,2.236227
CUBE_2,0.350,1.706565,0.000000,1.926562
CUBE_2,0.559,1.430651,0.000000,1.615079
CUBE_2,0.786,1.129040,0.000000,1.274586
CUBE_2,0.992,0.856177,0.000000,0.966548
CUBE_2,1.198,0.582403,0.000000,0.657481
CUBE_2,1.404,0.308869,0.000000,0.348686
CUBE_2,1.611,0.034695,0.000000,0.039168
CUBE_2,1.819,0.442505,0.000000,0.027945
CUBE_2,2.026,0.856319,0.000000,0.019873
CUBE_2,2.233,1.271557,0.000000,0.011772
CUBE_2,2.439,1.683693,0.000000,0.003732
CUBE_2,2.646,2.097275,0.000000,0.000824
CUBE_2,2.853,2.511211,0.000000,0.000617
CUBE_2,3.061,2.925995,0.000000,0.000411
CUBE_2,3.268,3.340537,0.000000,0.000204
CUBE_2,3.476,3.757346,0.000000,0.000023
CUBE_2,3.682,4.168486,0.000000,0.000018
CUBE_2,3.888,4.580525,0.000000,0.000013
CUBE_2,4.095,4.993908,0.000000,0.000008
CUBE_2,4.302,5.408321,0.000000,0.000003
CUBE_2,4.507,5.819180,0.000000,0.000001
CUBE_2,4.717,6.238848,0.000000,0.000000
CUBE_2,4.923,6.650878,0.000000,0.000000
CUBE_2,5.132,7.067966,0.000000,0.000000
CUBE_2,5.338,7.480610,0.000000,0.000000
CUBE_2,5.547,7.898769,0.000000,0.000000
CUBE_2,5.758,8.320467,0.000000,0.000000
CUBE_2,5.966,8.737115,0.000000,0.000000
CUBE_2,6.186,9.176085,0.000000,0.000000
CUBE_2,6.426,9.657422,0.000000,0.000000
CUBE_2,6.638,10.080943,0.000000,0.000000
CUBE_2,6.847,10.498446,0.000000,0.000000
CUBE_2,7.060,10.925079,0.000000,0.000000
CUBE_2,7.267,11.338734,0.000000,0.000000
CUBE_2,7.475,11.754628,0.000000,0.000000
CUBE_2,7.682,12.168496,0.000000,0.000000
CUBE_2,7.973,12.750590,0.000000,0.000000
CUBE_2,8.183,13.170308,0.000000,0.000000
CUBE_2,8.391,13.587735,0.000000,0.000000
CUBE_2,8.604,14.012090,0.000000,0.000000
CUBE_2,8.814,14.433041,0.000000,0.000000
CUBE_2,9.028,14.860784,0.000000,0.000000
CUBE_2,9.240,15.283697,0.000000,0.019915
CUBE_2,9.445,15.692979,0.000000,0.056703
CUBE_2,9.654,16.103239,0.000000,0.134281
CUBE_2,9.861,16.500217,0.000000,0.244703
CUBE_2,10.075,16.905077,0.000000,0.383297
CUBE_2,10.284,17.281494,0.000000,0.564616
CUBE_2,10.491,17.640596,0.000000,0.769475
CUBE_2,10.701,17.991993,0.000000,0.999339
CUBE_2,10.923,18.330381,0.000000,1.287894
CUBE_2,11.132,18.628691,0.000000,1.577779
CUBE_2,11.339,18.904869,0.000000,1.886910
CUBE_2,11.547,19.143446,0.000000,2.226417
CUBE_2,11.755,19.363119,0.000000,2.579686
CUBE_2,11.963,19.550743,0.000000,2.950784
CUBE_2,12.170,19.700068,0.000000,3.335816
CUBE_2,12.376,19.827614,0.000000,3.726981
CUBE_2,12.581,19.911783,0.000000,4.129865
CUBE_2,12.787,19.965134,0.000000,4.536226
CUBE_2,12.995,19.996298,0.000000,4.950795
CUBE_2,13.202,19.973272,0.000000,5.364384
CUBE_2,13.408,19.927713,0.000000,5.773976
CUBE_2,13.615,19.851219,0.000000,6.179593
CUBE_2,13.823,19.958797,0.029967,6.572104
CUBE_2,14.029,20.100809,0.065429,6.958509
CUBE_2,14.235,20.242468,0.100803,7.343961
CUBE_2,14.445,20.386259,0.136707,7.735193
CUBE_2,14.653,20.529491,0.172470,8.124876
CUBE_2,14.861,20.672600,0.208205,8.514259
CUBE_2,15.084,20.825407,0.246362,8.930040
CUBE_2,0.000,2.072030,0.000000,2.339140
CUBE_2,0.020,2.072030,0.000000,2.339140
CUBE_2,0.248,2.072030,0.000000,2.339140
CUBE_2,0.581,2.072030,0.000000,2.339140
CUBE_2,0.581,2.072030,0.000000,2.339140
CUBE_2,0.581,2.072030,0.000000,2.339140
CUBE_2,0.581,2.072030,0.000000,2.339140
CUBE_2,0.581,2.072030,0.000000,2.339140
CUBE_2,0.581,2.072030,0.000000,2.339140
CUBE_2,0.581,2.072030,0.000000,2.339140
CUBE_2,0.581,2.072030,0.000000,2.339140
CUBE_2,0.581,2.072030,0.000000,2.339140
CUBE_2,0.581,2.072030,0.000000,2.339140
CUBE_2,0.581,2.072030,0.000000,2.339140
CUBE_2,0.581,2.072030,0.000000,2.339140
CUBE_2,0.581,2.072030,0.000000,2.339140
CUBE_2,0.581,2.072030,0.000000,2.339140
CUBE_2,0.581,2.072030,0.000000,2.339140
CUBE_2,0.581,2.072030,0.000000,2.339140
CUBE_2,0.581,2.072030,0.000000,2.339140
CUBE_2,0.581,2.072030,0.000000,2.339140
CUBE_2,0.581,2.072030,0.000000,2.339140
CUBE_2,0.581,2.072030,0.000000,2.339140
CUBE_2,0.581,2.072030,0.000000,2.339140
CUBE_2,0.581,2.072030,0.000000,2.339140
CUBE_2,0.581,2.072030,0.000000,2.339140
CUBE_2,0.581,2.072030,0.000000,2.339140
CUBE_2,0.581,2.072030,0.000000,2.339140
CUBE_2,0.581,2.072030,0.000000,2.339140
CUBE_2,0.581,2.072030,0.000000,2.339140
CUBE_2,0.581,2.072030,0.000000,2.339140
CUBE_2,0.581,2.072030,0.000000,2.339140
CUBE_2,0.581,2.072030,0.000000,2.339140
CUBE_2,0.581,2.072030,0.000000,2.339140
CUBE_2,0.581,2.072030,0.000000,2.339140
CUBE_2,0.581,2.072030,0.000000,2.339140
CUBE_2,0.581,2.072030,0.000000,2.339140
CUBE_2,0.581,2.072030,0.000000,2.339140
CUBE_2,0.581,2.072030,0.000000,2.339140
CUBE_2,0.581,2.072030,0.000000,2.339140
CUBE_2,0.581,2.072030,0.000000,2.339140
CUBE_2,0.581,2.072030,0.000000,2.339140
CUBE_2,0.581,2.072030,0.000000,2.339140
CUBE_2,0.581,2.072030,0.000000,2.339140
CUBE_2,0.581,2.072030,0.000000,2.339140
CUBE_2,0.581,2.072030,0.000000,2.339140
CUBE_2,0.581,2.072030,0.000000,2.339140
CUBE_2,0.581,2.072030,0.000000,2.339140
CUBE_2,0.581,2.072030,0.000000,2.339140
CUBE_2,0.581,2.072030,0.000000,2.339140
CUBE_2,0.581,2.072030,0.000000,2.339140
CUBE_2,0.581,2.072030,0.000000,2.339140
CUBE_2,0.581,2.072030,0.000000,2.339140
CUBE_2,0.581,2.072030,0.000000,2.339140
CUBE_2,0.581,2.072030,0.000000,2.339140
CUBE_2,0.581,2.072030,0.000000,2.339140
CUBE_2,0.581,2.072030,0.000000,2.339140
CUBE_2,0.581,2.072030,0.000000,2.339140
CUBE_2,0.581,2.072030,0.000000,2.339140
CUBE_2,0.581,2.072030,0.000000,2.339140
CUBE_2,0.581,2.072030,0.000000,2.339140
CUBE_2,0.581,2.072030,0.000000,2.339140
CUBE_2,0.914,2.072030,0.000000,2.339140
CUBE_2,0.914,2.072030,0.000000,2.339140
CUBE_2,0.914,2.072030,0.000000,2.339140
CUBE_2,0.914,2.072030,0.000000,2.339140
CUBE_2,0.914,2.072030,0.000000,2.339140
CUBE_2,0.914,2.072030,0.000000,2.339140
CUBE_2,0.914,2.072030,0.000000,2.339140
CUBE_2,0.914,2.072030,0.000000,2.339140
CUBE_2,0.914,2.072030,0.000000,2.339140
CUBE_2,0.914,2.072030,0.000000,2.339140
CUBE_2,0.914,2.072030,0.000000,2.339140
CUBE_2,0.914,2.072030,0.000000,2.339140
CUBE_2,0.914,2.072030,0.000000,2.339140
CUBE_2,0.914,2.072030,0.000000,2.339140
CUBE_2,0.914,2.072030,0.000000,2.339140
CUBE_2,0.914,2.072030,0.000000,2.339140
CUBE_2,0.914,2.072030,0.000000,2.339140
CUBE_2,0.914,2.072030,0.000000,2.339140
CUBE_2,0.914,2.072030,0.000000,2.339140
CUBE_2,0.914,2.072030,0.000000,2.339140
CUBE_2,0.914,2.072030,0.000000,2.339140
CUBE_2,0.914,2.072030,0.000000,2.339140
CUBE_2,0.914,2.072030,0.000000,2.339140
CUBE_2,1.248,2.072030,0.000000,2.339140
CUBE_2,1.248,2.072030,0.000000,2.339140
CUBE_2,1.248,2.072030,0.000000,2.339140
CUBE_2,1.248,2.072030,0.000000,2.339140
CUBE_2,1.248,2.072030,0.000000,2.339140
CUBE_2,1.248,2.072030,0.000000,2.339140
CUBE_2,1.248,2.072030,0.000000,2.339140
CUBE_2,1.248,2.072030,0.000000,2.339140
CUBE_2,1.248,2.072030,0.000000,2.339140
CUBE_2,1.248,2.072030,0.000000,2.339140
CUBE_2,1.248,2.072030,0.000000,2.339140
CUBE_2,1.248,2.072030,0.000000,2.339140
CUBE_2,1.248,2.072030,0.000000,2.339140
CUBE_2,1.248,2.072030,0.000000,2.339140
CUBE_2,1.248,2.072030,0.000000,2.339140
CUBE_2,1.248,2.072030,0.000000,2.339140
CUBE_2,1.248,2.072030,0.000000,2.339140
CUBE_2,1.248,2.072030,0.000000,2.339140
CUBE_2,1.248,2.072030,0.000000,2.339140
CUBE_2,1.248,2.072030,0.000000,2.339140
CUBE_2,1.248,2.072030,0.000000,2.339140
CUBE_2,1.248,2.072030,0.000000,2.339140
CUBE_2,1.248,2.072030,0.000000,2.339140
CUBE_2,1.248,2.072030,0.000000,2.339140
CUBE_2,1.248,2.072030,0.000000,2.339140
CUBE_2,1.248,2.072030,0.000000,2.339140
CUBE_2,1.248,2.072030,0.000000,2.339140
CUBE_2,1.248,2.072030,0.000000,2.339140
CUBE_2,1.248,2.072030,0.000000,2.339140
CUBE_2,1.248,2.072030,0.000000,2.339140
CUBE_2,1.248,2.072030,0.000000,2.339140
CUBE_2,1.248,2.072030,0.000000,2.339140
CUBE_2,1.248,2.072030,0.000000,2.339140
CUBE_2,1.248,2.072030,0.000000,2.339140
CUBE_2,1.248,2.072030,0.000000,2.339140
CUBE_2,1.248,2.072030,0.000000,2.339140
CUBE_2,1.248,2.072030,0.000000,2.339140
CUBE_1,0.252,0.160781,0.000000,0.000000
CUBE_1,0.462,0.580227,0.000000,0.000000
CUBE_1,0.672,0.999865,0.000000,0.000000
CUBE_1,0.882,1.418999,0.000000,0.000000
CUBE_1,1.089,1.833920,0.000000,0.000000
CUBE_1,1.298,2.251080,0.000000,0.000000
CUBE_1,1.505,2.666558,0.000000,0.000000
CUBE_1,1.716,3.087263,0.000000,0.000000
CUBE_1,1.931,3.518075,0.000000,0.000000
CUBE_1,2.140,3.936729,0.000000,0.000000
CUBE_1,2.347,4.349205,0.000000,0.000000
CUBE_1,2.553,4.762673,0.000000,0.000000
CUBE_1,2.760,5.176114,0.000000,0.000000
CUBE_1,2.968,5.591822,0.000000,0.000000
CUBE_1,3.174,6.004220,0.000000,0.000000
CUBE_1,3.398,6.451427,0.000000,0.000000
CUBE_1,3.605,6.866176,0.000000,0.000000
CUBE_1,3.812,7.280397,0.000000,0.000000
CUBE_1,4.023,7.701018,0.000000,0.000000
CUBE_1,4.245,8.146112,0.000000,0.000000
CUBE_1,4.459,8.574154,0.000000,0.000000
CUBE_1,4.672,8.999725,0.000000,0.000000
CUBE_1,4.888,9.431108,0.000000,0.000000
CUBE_1,5.099,9.854189,0.000000,0.000000
CUBE_1,5.312,10.280480,0.000000,0.000000
CUBE_1,5.520,10.696546,0.000000,0.000000
CUBE_1,5.731,11.117198,0.000000,0.000000
CUBE_1,5.942,11.540167,0.000000,0.000000
CUBE_1,6.189,12.033162,0.000000,0.000000
CUBE_1,6.398,12.451472,0.000000,0.000000
CUBE_1,6.608,12.871403,0.000000,0.000000
CUBE_1,6.818,13.291247,0.000000,0.000000
CUBE_1,7.025,13.706407,0.000000,0.000000
CUBE_1,7.234,14.123958,0.000000,0.000000
CUBE_1,7.444,14.543677,0.000000,0.000000
CUBE_1,7.654,14.964439,0.000000,0.000772
CUBE_1,7.860,15.376172,0.000000,0.025902
CUBE_1,8.066,15.784111,0.000000,0.073740
CUBE_1,8.274,16.192472,0.000000,0.151115
CUBE_1,8.484,16.593807,0.000000,0.275394
CUBE_1,8.691,16.979740,0.000000,0.419509
CUBE_1,8.898,17.353680,0.000000,0.599458
CUBE_1,9.106,17.708788,0.000000,0.814033
CUBE_1,9.314,18.051781,0.000000,1.048418
CUBE_1,9.519,18.362097,0.000000,1.315302
CUBE_1,9.725,18.654007,0.000000,1.606404
CUBE_1,9.931,18.928780,0.000000,1.913707
CUBE_1,10.138,19.162678,0.000000,2.254488
CUBE_1,10.346,19.377916,0.000000,2.608656
CUBE_1,10.553,19.564533,0.000000,2.977995
CUBE_1,10.787,19.728600,0.000000,3.417358
CUBE_1,10.995,19.845869,0.000000,3.814831
CUBE_1,11.210,19.933708,0.000000,4.234929
CUBE_1,11.417,19.973549,0.000000,4.647339
CUBE_1,11.625,19.990025,0.000000,5.063291
CUBE_1,0.000,0.000000,0.000000,0.000000
CUBE_1,0.020,0.000000,0.000000,0.000000
CUBE_2,0.187,1.978126,0.000000,2.233130
CUBE_2,0.395,1.701541,0.000000,1.920892
CUBE_2,0.605,1.423474,0.000000,1.606979
CUBE_2,0.819,1.139488,0.000000,1.286383
CUBE_2,1.028,0.861997,0.000000,0.973120
CUBE_2,1.235,0.587464,0.000000,0.663196
CUBE_2,1.446,0.307668,0.000000,0.347330
CUBE_2,1.654,0.032180,0.000000,0.036328
CUBE_2,1.860,0.444979,0.000000,0.028191
CUBE_2,2.069,0.861962,0.000000,0.019970
CUBE_2,2.277,1.277597,0.000000,0.011777
CUBE_2,2.484,1.692630,0.000000,0.003595
CUBE_2,2.693,2.110730,0.000000,0.000812
CUBE_2,2.901,2.525612,0.000000,0.000606
CUBE_2,3.111,2.945854,0.000000,0.000398
CUBE_2,3.318,3.359252,0.000000,0.000193
CUBE_2,3.524,3.772430,0.000000,0.000023
CUBE_2,3.741,4.206189,0.000000,0.000018
CUBE_2,3.949,4.622731,0.000000,0.000013
CUBE_2,4.158,5.040865,0.000000,0.000007
CUBE_2,4.367,5.458066,0.000000,0.000002
CUBE_2,4.573,5.870349,0.000000,0.000001
CUBE_2,4.785,6.294446,0.000000,0.000000
CUBE_2,4.996,6.715251,0.000000,0.000000
CUBE_2,5.205,7.133324,0.000000,0.000000
CUBE_2,5.410,7.544291,0.000000,0.000000
CUBE_2,5.616,7.956318,0.000000,0.000000
CUBE_2,5.867,8.457654,0.000000,0.000000
CUBE_2,6.076,8.876668,0.000000,0.000000
CUBE_2,6.286,9.296811,0.000000,0.000000
CUBE_2,6.528,9.779713,0.000000,0.000000
CUBE_2,6.737,10.198931,0.000000,0.000000
CUBE_2,6.951,10.625221,0.000000,0.000000
CUBE_2,7.158,11.040900,0.000000,0.000000
CUBE_2,7.367,11.458679,0.000000,0.000000
CUBE_2,7.577,11.878461,0.000000,0.000000
CUBE_2,7.786,12.297008,0.000000,0.000000
CUBE_2,7.993,12.710353,0.000000,0.000000
CUBE_2,8.202,13.127210,0.000000,0.000000
CUBE_2,8.409,13.542400,0.000000,0.000000
CUBE_2,8.620,13.964823,0.000000,0.000000
CUBE_2,8.829,14.382990,0.000000,0.000000
CUBE_2,9.044,14.812641,0.000000,0.000000
CUBE_2,9.252,15.228017,0.000000,0.016898
CUBE_2,9.466,15.654079,0.000000,0.048931
CUBE_2,9.674,16.062012,0.000000,0.126334
CUBE_2,0.000,2.072030,0.000000,2.339140
CUBE_2,0.152,2.072030,0.000000,2.339140
CUBE_2,0.152,2.072030,0.000000,2.339140
CUBE_2,0.510,2.072030,0.000000,2.339140
CUBE_2,0.510,2.072030,0.000000,2.339140
CUBE_2,0.510,2.072030,0.000000,2.339140
CUBE_2,0.510,2.072030,0.000000,2.339140
CUBE_2,0.510,2.072030,0.000000,2.339140
CUBE_2,0.510,2.072030,0.000000,2.339140
CUBE_2,0.510,2.072030,0.000000,2.339140
CUBE_1,1.984,0.000000,0.000000,0.000000
CUBE_1,1.984,0.000000,0.000000,0.000000
CUBE_1,1.984,0.000000,0.000000,0.000000
CUBE_1,1.984,0.000000,0.000000,0.000000
CUBE_1,1.984,0.000000,0.000000,0.000000
CUBE_1,1.984,0.000000,0.000000,0.000000
CUBE_1,1.984,0.000000,0.000000,0.000000
CUBE_2,0.115,2.013666,0.000000,2.273252
CUBE_2,0.321,1.740728,0.000000,1.965129
CUBE_2,0.528,1.465937,0.000000,1.654916
CUBE_2,0.735,1.192003,0.000000,1.345669
CUBE_2,0.943,0.915586,0.000000,1.033617
CUBE_2,1.151,0.639120,0.000000,0.721511
CUBE_2,1.359,0.363681,0.000000,0.410564
CUBE_2,1.577,0.075149,0.000000,0.084837
CUBE_2,1.784,0.382257,0.000000,0.027296
CUBE_2,1.990,0.794663,0.000000,0.016235
CUBE_2,2.198,1.210238,0.000000,0.005089
CUBE_2,2.404,1.621747,0.000000,0.001034
CUBE_2,2.611,2.036320,0.000000,0.000670
CUBE_2,2.818,2.450866,0.000000,0.000306
CUBE_2,3.052,2.917558,0.000000,0.000037
CUBE_2,3.258,3.329625,0.000000,0.000025
CUBE_2,3.465,3.744971,0.000000,0.000013
CUBE_2,3.673,4.159829,0.000000,0.000001
CUBE_2,3.880,4.575038,0.000000,0.000001
CUBE_2,4.087,4.988835,0.000000,0.000001
CUBE_2,4.294,5.402020,0.000000,0.000000
CUBE_2,4.501,5.816784,0.000000,0.000000
CUBE_2,4.708,6.230976,0.000000,0.000000
CUBE_2,4.915,6.644603,0.000000,0.000000
CUBE_2,5.139,7.091722,0.000000,0.015176
CUBE_2,5.347,7.505130,0.000000,0.060475
CUBE_2,5.554,7.898077,0.000000,0.189874
CUBE_2,5.761,8.267625,0.000000,0.370915
CUBE_2,5.969,8.610885,0.000000,0.601944
CUBE_2,6.179,8.901381,0.000000,0.904392
CUBE_2,6.386,9.134856,0.000000,1.244570
CUBE_2,6.593,9.319255,0.000000,1.613215
CUBE_2,6.800,9.438950,0.000000,2.008851
CUBE_2,7.008,9.476507,0.000000,2.422675
CUBE_2,7.216,9.456145,0.000000,2.833714
CUBE_2,7.423,9.379183,0.000000,3.240427
CUBE_2,7.642,9.203272,0.000000,3.642448
CUBE_2,7.854,8.973871,0.000000,3.995754
CUBE_2,8.062,8.838759,0.021170,4.343129
CUBE_2,8.270,8.980219,0.092596,4.726829
CUBE_2,8.479,9.122975,0.164677,5.114041
CUBE_2,8.687,9.264489,0.236128,5.497873
CUBE_2,8.901,9.412297,0.309889,5.891841
CUBE_2,9.108,9.562834,0.382445,6.272581
CUBE_2,9.314,9.711525,0.454110,6.648647
CUBE_2,9.520,9.860995,0.526151,7.026684
CUBE_2,9.727,10.010514,0.598208,7.404788
CUBE_2,9.934,10.160831,0.670568,7.784255
CUBE_2,10.141,10.311186,0.742946,8.163819
CUBE_2,10.349,10.462038,0.815564,8.544642
CUBE_2,10.557,10.612690,0.888087,8.924963
CUBE_2,10.764,10.763178,0.960529,9.304852
CUBE_2,10.972,10.913577,1.032927,9.684510
CUBE_2,11.180,11.064563,1.105606,10.065646
CUBE_2,11.387,11.215071,1.178054,10.445569
CUBE_2,11.594,11.364486,1.249978,10.822753
CUBE_2,11.798,11.512815,1.321377,11.197171
CUBE_2,12.005,11.663061,1.393702,11.576452
CUBE_2,12.211,11.812634,1.465703,11.954029
CUBE_2,12.456,11.990378,1.551262,12.402706
CUBE_2,12.668,12.144156,1.625286,12.790892
CUBE_2,12.876,12.294428,1.697623,13.170238
CUBE_2,13.084,12.445871,1.770522,13.552525
CUBE_2,13.293,12.597285,1.843411,13.934752
CUBE_2,13.505,12.750834,1.917325,14.322363
CUBE_2,13.712,12.900929,1.989576,14.701257
CUBE_2,13.919,13.051377,2.061995,15.081023
CUBE_2,14.131,13.204983,2.135937,15.468786
CUBE_2,14.341,13.357018,2.209124,15.852581
CUBE_2,14.549,13.508151,2.281876,16.234098
CUBE_2,14.755,13.657235,2.353638,16.610416
CUBE_2,14.961,13.806844,2.425649,16.988064
CUBE_2,15.168,13.956738,2.497804,17.366446
CUBE_2,15.374,14.106442,2.569865,17.744343
CUBE_2,15.582,14.257431,2.642549,18.125498
CUBE_2,15.789,14.407320,2.714704,18.503887
CUBE_2,16.011,14.568275,2.792183,18.910191
CUBE_2,16.219,14.719218,2.864842,19.291231
CUBE_2,16.423,14.867534,2.936234,19.665615
CUBE_2,16.652,14.843747,2.992037,19.939791
CUBE_2,16.859,14.431661,2.993436,19.892338
CUBE_2,17.066,14.020162,2.994835,19.844950
CUBE_2,17.274,13.607292,2.996238,19.797403
CUBE_2,17.482,13.193467,2.997644,19.749739
CUBE_2,17.690,12.781402,2.999045,19.702282
CUBE_2,17.898,12.693655,2.999868,19.784994
CUBE_2,18.104,13.023217,2.999942,20.034079
CUBE_2,18.311,13.340859,2.999992,20.298483
CUBE_2,18.520,13.628079,2.999993,20.600296
CUBE_2,18.727,13.913878,2.999998,20.900618
CUBE_2,18.936,14.142577,2.999999,21.249626
CUBE_2,19.143,14.364649,2.999999,21.599792
CUBE_2,19.350,14.544662,2.999999,21.969627
CUBE_2,19.558,14.695007,2.999999,22.358076
CUBE_2,19.768,14.828459,2.999999,22.754070
CUBE_2,19.974,14.899735,2.999999,23.161299
CUBE_2,20.181,14.971015,2.999999,23.568535
CUBE_2,20.392,14.972578,2.999999,23.988905
CUBE_2,20.599,14.962996,2.999999,24.403109
CUBE_2,20.806,14.913769,2.999999,24.811949
CUBE_2,21.012,14.823239,2.999999,25.213890
CUBE_2,21.220,14.720613,2.999999,25.616060
CUBE_2,21.427,14.552859,2.999999,25.995806
CUBE_2,21.635,14.385518,2.999999,26.374605
CUBE_2,21.840,14.164455,2.999999,26.720026
CUBE_2,22.049,13.924506,2.999999,27.061483
CUBE_2,22.257,13.659764,2.999999,27.378832
CUBE_2,22.465,13.358211,2.999999,27.666656
CUBE_2,22.710,12.990521,2.999999,27.989174
CUBE_2,22.922,12.633114,2.999999,28.216347
CUBE_2,23.128,12.284681,2.999999,28.437807
CUBE_2,23.338,11.898457,2.999999,28.595943
CUBE_2,23.545,11.511844,2.999999,28.745436
CUBE_2,23.752,11.113955,2.999999,28.851786
CUBE_2,23.959,10.705289,2.999999,28.923197
CUBE_2,24.167,10.294875,2.999999,28.979549
CUBE_2,24.375,9.878303,2.999999,28.969727
CUBE_2,24.584,9.461370,2.999999,28.959908
CUBE_2,24.793,9.052190,2.999999,28.881832
CUBE_2,25.001,8.645146,2.999999,28.790979
CUBE_2,25.206,8.256588,3.000000,28.664557
CUBE_2,25.413,7.878488,3.000000,28.497438
CUBE_2,25.619,7.497812,2.997011,28.347002
CUBE_2,25.828,7.081564,2.970527,28.321121
CUBE_2,26.036,6.667943,2.944209,28.295412
CUBE_2,26.243,6.255022,2.916905,28.275896
CUBE_2,26.450,5.842283,2.889452,28.257353
CUBE_2,26.661,5.421344,2.861418,28.238665
CUBE_2,26.871,5.002334,2.833486,28.220201
CUBE_2,27.077,4.591073,2.806072,28.202089
CUBE_2,27.289,4.169912,2.777995,28.183552
CUBE_2,27.509,3.730533,2.748702,28.164209
CUBE_2,27.715,3.320243,2.721349,28.146143
CUBE_2,27.921,2.908615,2.693908,28.128027
CUBE_2,28.130,2.492982,2.666198,28.109726
CUBE_2,28.339,2.076168,2.638411,28.091387
CUBE_2,28.546,1.663509,2.610901,28.073223
CUBE_2,28.755,1.245885,2.583059,28.054840
CUBE_2,28.962,0.833549,2.555570,28.036690
CUBE_2,29.169,0.421062,2.528071,28.018530
CUBE_2,29.378,0.047843,2.503190,28.002106
CUBE_3,29.392,2.134746,0.497802,2.826283
CUBE_3,29.601,1.886068,0.439813,2.497046
CUBE_3,29.809,1.637849,0.381931,2.168419
CUBE_3,30.015,1.391614,0.324511,1.842417
CUBE_3,30.223,1.143056,0.266550,1.513340
CUBE_3,30.429,0.897103,0.209196,1.187712
CUBE_3,30.635,0.651605,0.151948,0.862687
CUBE_3,30.841,0.405270,0.094505,0.536554
CUBE_3,31.048,0.157930,0.036828,0.209090
CUBE_3,31.256,0.228096,0.005768,0.032746
CUBE_3,31.467,0.649135,0.003695,0.020981
CUBE_3,31.720,1.155532,0.001203,0.006831
CUBE_3,31.927,1.570106,0.000199,0.001133
CUBE_3,32.134,1.984465,0.000132,0.000751
CUBE_3,32.343,2.401368,0.000065,0.000367
CUBE_3,32.550,2.815991,0.000008,0.000043
CUBE_3,32.761,3.238417,0.000005,0.000030
CUBE_3,32.970,3.655649,0.000003,0.000017
CUBE_3,33.178,4.071049,0.000001,0.000004
CUBE_3,33.385,4.485668,0.000000,0.000001
CUBE_3,33.592,4.899265,0.000000,0.000001
CUBE_3,33.799,5.313903,0.000000,0.000000
CUBE_3,34.007,5.730131,0.000000,0.000000
CUBE_3,34.215,6.145691,0.000000,0.000000
CUBE_3,34.423,6.562186,0.000000,0.000000
CUBE_3,34.629,6.973323,0.000000,0.002396
CUBE_3,34.837,7.386504,0.000000,0.047539
CUBE_3,35.046,7.788730,0.000000,0.151910
CUBE_3,35.252,8.169280,0.000000,0.307309
CUBE_3,35.465,8.526700,0.000000,0.536764
CUBE_3,35.691,8.850703,0.000000,0.851844
CUBE_3,35.900,9.098792,0.000000,1.182506
CUBE_3,36.105,9.297037,0.000000,1.540793
CUBE_3,36.313,9.417591,0.000000,1.938556
CUBE_3,36.521,9.472091,0.000000,2.350143
CUBE_3,36.728,9.469347,0.000000,2.761031
CUBE_3,36.937,9.395470,0.000000,3.173091
CUBE_3,37.146,9.240080,0.000000,3.558125
CUBE_3,37.352,9.036057,0.000000,3.914136
CUBE_3,37.560,8.801553,0.003036,4.247466
CUBE_3,37.768,8.944080,0.074843,4.632792
CUBE_3,37.978,9.087458,0.147077,5.020399
CUBE_3,38.186,9.229716,0.218748,5.404989
CUBE_3,38.395,9.372201,0.290534,5.790197
CUBE_3,38.604,9.523470,0.363503,6.173272
CUBE_3,38.816,9.677039,0.437512,6.561608
CUBE_3,39.024,9.827550,0.510045,6.942202
CUBE_3,39.233,9.978752,0.582911,7.324543
CUBE_3,39.441,10.129821,0.655640,7.705975
CUBE_3,39.651,10.282461,0.729120,8.091317
CUBE_3,39.862,10.434876,0.802491,8.476089
CUBE_3,40.073,10.588229,0.876312,8.863214
CUBE_3,40.279,10.737700,0.948260,9.240519
CUBE_3,40.511,10.906162,1.029354,9.665776
CUBE_3,40.720,11.057560,1.102234,10.047969
CUBE_3,40.929,11.208947,1.175108,10.430123
CUBE_3,41.135,11.358750,1.247217,10.808270
CUBE_3,41.344,11.509975,1.320013,11.190019
CUBE_3,41.552,11.660846,1.392640,11.570879
CUBE_3,41.759,11.811057,1.464944,11.950047
CUBE_3,41.967,11.962236,1.537716,12.331668
CUBE_3,42.175,12.112740,1.610164,12.711599
CUBE_3,42.381,12.262316,1.682164,13.089171
CUBE_3,42.589,12.413085,1.754741,13.469769
CUBE_3,42.796,12.562991,1.826901,13.848177
CUBE_3,43.003,12.713357,1.899282,14.227751
CUBE_3,43.210,12.863678,1.971642,14.607205
CUBE_3,43.418,13.014176,2.044088,14.987122
CUBE_3,43.626,13.165320,2.116843,15.368655
CUBE_3,43.832,13.314317,2.188567,15.744780
CUBE_3,44.038,13.463839,2.260542,16.122227
CUBE_3,44.246,13.614848,2.333231,16.503418
CUBE_3,44.453,13.765286,2.405648,16.883169
CUBE_3,44.660,13.915092,2.477759,17.261322
CUBE_3,44.869,14.066666,2.550724,17.643951
CUBE_3,45.076,14.216954,2.623067,18.023327
CUBE_3,45.283,14.366986,2.695287,18.402060
CUBE_3,45.491,14.517527,2.767753,18.782076
CUBE_3,45.701,14.670149,2.841219,19.167339
CUBE_3,45.942,14.844824,2.925303,19.608286
CUBE_3,46.150,14.945060,2.991522,19.950613
CUBE_3,46.363,14.522114,2.992988,19.902060
CUBE_3,46.570,14.109984,2.994418,19.854742
CUBE_3,46.778,13.697150,2.995850,19.807344
CUBE_3,46.985,13.284932,2.997278,19.760008
CUBE_3,47.191,12.875932,2.998697,19.713037
CUBE_3,47.399,12.618080,2.999846,19.727829
CUBE_3,47.607,12.950282,2.999919,19.978933
CUBE_3,47.816,13.279446,2.999991,20.234001
CUBE_3,48.023,13.565714,2.999991,20.534794
CUBE_3,48.231,13.851599,2.999995,20.835182
CUBE_3,48.439,14.093039,2.999999,21.172396
CUBE_3,48.647,14.316495,2.999999,21.524237
CUBE_3,48.852,14.510619,2.999999,21.883068
CUBE_3,49.059,14.659824,2.999999,22.267920
CUBE_3,49.266,14.809819,2.999999,22.654808
CUBE_3,49.474,14.883145,2.999999,23.064720
CUBE_3,49.682,14.954494,2.999999,23.473560
CUBE_3,49.888,14.975145,2.999999,23.883146
CUBE_3,50.097,14.965422,2.999999,24.300781
CUBE_3,50.303,14.934844,2.999999,24.709776
CUBE_3,50.509,14.844763,2.999999,25.113579
CUBE_3,50.723,14.751714,2.999999,25.530697
CUBE_3,50.960,14.565925,2.999999,25.965857
CUBE_3,51.167,14.398854,2.999999,26.344318
CUBE_3,51.375,14.180099,2.999999,26.697258
CUBE_3,51.582,13.942102,2.999999,27.036222
CUBE_3,51.789,13.683741,2.999999,27.355404
CUBE_3,51.996,13.384461,2.999999,27.641315
CUBE_3,52.204,13.083491,2.999999,27.928854
CUBE_3,52.410,12.735695,2.999999,28.151615
CUBE_3,52.618,12.384251,2.999999,28.374685
CUBE_3,52.826,12.011564,2.999999,28.551544
CUBE_3,53.034,11.622631,2.999999,28.702295
CUBE_3,53.242,11.228819,2.999999,28.831810
CUBE_3,53.451,10.818450,2.999999,28.903465
CUBE_3,53.657,10.411987,2.999999,28.974449
CUBE_3,53.865,9.996937,2.999999,28.972319
CUBE_3,54.073,9.580441,2.999999,28.962648
CUBE_3,54.285,9.162388,2.999999,28.906145
CUBE_3,54.492,8.758865,2.999999,28.816221
CUBE_3,54.699,8.359355,2.999999,28.709402
CUBE_3,54.906,7.980139,2.999999,28.542038
CUBE_3,55.111,7.605932,2.999999,28.376881
CUBE_3,55.319,7.196340,2.977848,28.328135
CUBE_3,55.528,6.781151,2.951419,28.302406
CUBE_3,55.733,6.371149,2.924633,28.281092
CUBE_3,55.946,5.946615,2.896394,28.262033
CUBE_3,56.182,5.477130,2.865137,28.241121
CUBE_3,56.389,5.063393,2.837557,28.222889
CUBE_3,56.597,4.649384,2.809958,28.204657
CUBE_3,56.805,4.235147,2.782343,28.186419
CUBE_3,57.012,3.821347,2.754756,28.168205
CUBE_3,57.220,3.406371,2.727091,28.149933
CUBE_3,57.427,2.994418,2.699627,28.131807
CUBE_3,57.636,2.577591,2.671840,28.113461
CUBE_3,57.842,2.167038,2.644469,28.095388
CUBE_3,58.048,1.756514,2.617101,28.077314
CUBE_3,58.255,1.343710,2.589581,28.059145
CUBE_3,58.462,0.931474,2.562098,28.040997
CUBE_3,58.669,0.517972,2.534531,28.022797
CUBE_3,58.874,0.109231,2.507282,28.004808
CUBE_3,59.080,0.046364,2.503091,28.002043
CUBE_2,59.088,0.047828,2.502433,27.993633
CUBE_2,59.295,0.047123,2.465540,27.580929
CUBE_2,59.507,0.046404,2.427905,27.159924
CUBE_2,59.715,0.045693,2.390740,26.744169
CUBE_2,59.923,0.044987,2.353801,26.330929
CUBE_2,60.132,0.044275,2.316515,25.913824
CUBE_2,60.340,0.043567,2.279509,25.499842
CUBE_2,60.550,0.042853,2.242136,25.081785
CUBE_2,60.763,0.042127,2.204173,24.657089
CUBE_2,60.969,0.041426,2.167450,24.246298
CUBE_2,61.175,0.040724,2.130743,23.835651
CUBE_2,61.383,0.040017,2.093728,23.421572
CUBE_2,61.600,0.039281,2.055233,22.990940
CUBE_2,61.807,0.038574,2.018249,22.577229
CUBE_2,62.015,0.037866,1.981191,22.162672
CUBE_2,62.222,0.037162,1.944379,21.750870
CUBE_2,62.431,0.036451,1.907193,21.334869
CUBE_2,62.641,0.035737,1.869808,20.916655
CUBE_2,62.850,0.035025,1.832567,20.500051
CUBE_2,63.058,0.034318,1.795567,20.086149
CUBE_2,63.265,0.033612,1.758622,19.672861
CUBE_2,63.474,0.032902,1.721465,19.257212
CUBE_2,63.682,0.032193,1.684362,18.842157
CUBE_2,63.889,0.031488,1.647518,18.429996
CUBE_2,64.098,0.030777,1.610297,18.013618
CUBE_2,64.307,0.030067,1.573141,17.597971
CUBE_2,64.516,0.029356,1.535944,17.181849
CUBE_2,64.723,0.028649,1.498966,16.768196
CUBE_2,64.930,0.027944,1.462082,16.355595
CUBE_2,65.138,0.027238,1.425148,15.942436
CUBE_2,65.351,0.026514,1.387246,15.518452
CUBE_2,65.559,0.025805,1.350177,15.103773
CUBE_2,65.766,0.025100,1.313274,14.690943
CUBE_2,65.980,0.024371,1.275121,14.264148
CUBE_2,66.188,0.023664,1.238158,13.850662
CUBE_2,66.400,0.022943,1.200394,13.428224
CUBE_2,66.608,0.022236,1.163427,13.014692
CUBE_2,66.815,0.021530,1.126497,12.601584
CUBE_2,67.023,0.020823,1.089515,12.187888
CUBE_2,67.232,0.020110,1.052179,11.770216
CUBE_2,67.440,0.019404,1.015220,11.356778
CUBE_2,67.647,0.018697,0.978267,10.943407
CUBE_2,67.856,0.017987,0.941131,10.527987
CUBE_2,68.062,0.017286,0.904453,10.117684
CUBE_2,68.269,0.016580,0.867509,9.704410
CUBE_2,68.477,0.015873,0.830510,9.290522
CUBE_2,68.684,0.015167,0.793572,8.877313
CUBE_2,68.897,0.014445,0.755793,8.454685
CUBE_2,69.104,0.013738,0.718813,8.041010
CUBE_2,69.312,0.013031,0.681779,7.626727
CUBE_2,69.521,0.012321,0.644646,7.211342
CUBE_2,69.729,0.011613,0.607627,6.797228
CUBE_2,69.935,0.010911,0.570861,6.385952
CUBE_2,70.143,0.010205,0.533924,5.972751
CUBE_2,70.350,0.009498,0.496960,5.559259
CUBE_2,70.558,0.008791,0.459948,5.145215
CUBE_2,70.766,0.008083,0.422899,4.730768
CUBE_2,70.974,0.007374,0.385842,4.316229
CUBE_2,71.181,0.006669,0.348933,3.903343
CUBE_2,71.389,0.005964,0.312036,3.490591
CUBE_2,71.596,0.005257,0.275037,3.076702
CUBE_2,71.804,0.004549,0.237995,2.662339
CUBE_2,72.019,0.003819,0.199800,2.235066
CUBE_2,72.261,0.002993,0.156595,1.751755
CUBE_2,72.469,0.002285,0.119550,1.337346
CUBE_2,72.682,0.001562,0.081731,0.914283
CUBE_2,72.889,0.000856,0.044794,0.501086
CUBE_2,73.097,0.000148,0.007720,0.086359
CUBE_2,73.306,0.378910,0.003135,0.035067
CUBE_2,73.513,0.791498,0.001868,0.020897
CUBE_2,73.720,1.206453,0.000594,0.006647
CUBE_2,73.927,1.619318,0.000121,0.001357
CUBE_2,74.135,2.035641,0.000079,0.000878
CUBE_2,74.340,2.446792,0.000036,0.000406
CUBE_2,74.549,2.863508,0.000005,0.000051
CUBE_2,74.757,3.279397,0.000003,0.000035
CUBE_2,74.964,3.693985,0.000002,0.000019
CUBE_2,75.171,4.107772,0.000000,0.000004
CUBE_2,75.378,4.521058,0.000000,0.000001
CUBE_2,75.586,4.938879,0.000000,0.000001
CUBE_2,75.794,5.353412,0.000000,0.000000
CUBE_2,76.002,5.769372,0.000000,0.000000
CUBE_2,76.221,6.207231,0.000000,0.000000
CUBE_2,76.427,6.620064,0.000000,0.000000
CUBE_2,76.653,7.072123,0.000000,0.012191
CUBE_2,76.862,7.487052,0.000000,0.058336
CUBE_2,77.070,7.881567,0.000000,0.184045
CUBE_2,77.278,8.254184,0.000000,0.362354
CUBE_2,77.487,8.602115,0.000000,0.592356
CUBE_2,77.694,8.889624,0.000000,0.892007
CUBE_2,77.901,9.125786,0.000000,1.229384
CUBE_2,78.111,9.315942,0.000000,1.600735
CUBE_2,78.320,9.436646,0.000000,2.000921
CUBE_2,78.528,9.475997,0.000000,2.413060
CUBE_2,78.736,9.457905,0.000000,2.825933
CUBE_2,78.944,9.382377,0.000000,3.234960
CUBE_2,79.152,9.214962,0.000000,3.616344
CUBE_2,79.361,8.994810,0.000000,3.967846
CUBE_2,79.569,8.825533,0.014948,4.310867
CUBE_2,79.778,8.967994,0.086761,4.696352
CUBE_2,79.989,9.112156,0.159434,5.086450
CUBE_2,80.197,9.254139,0.231010,5.470663
CUBE_2,80.406,9.398409,0.303256,5.857204
CUBE_2,80.613,9.548411,0.375537,6.236460
CUBE_2,80.820,9.698291,0.447763,6.615424
CUBE_2,81.029,9.849377,0.520569,6.997437
CUBE_2,81.238,10.000838,0.593553,7.380379
CUBE_2,81.444,10.150351,0.665525,7.757814
CUBE_2,81.655,10.303045,0.739029,8.143283
CUBE_2,81.865,10.455274,0.812309,8.527572
CUBE_2,82.070,10.604343,0.884068,8.903890
CUBE_2,82.278,10.755342,0.956755,9.285060
CUBE_2,82.488,10.907062,1.029789,9.668059
CUBE_2,82.714,11.071068,1.108735,10.082053
CUBE_2,82.920,11.220528,1.180681,10.459348
CUBE_2,83.128,11.371586,1.253397,10.840678
CUBE_2,83.336,11.522553,1.326068,11.221774
CUBE_2,83.546,11.674866,1.399385,11.606250
CUBE_2,83.754,11.825398,1.471846,11.986243
CUBE_2,83.961,11.975805,1.544247,12.365916
CUBE_2,84.172,12.128636,1.617815,12.751716
CUBE_2,84.379,12.278996,1.690193,13.131265
CUBE_2,84.587,12.429783,1.762778,13.511909
CUBE_2,84.796,12.581476,1.835800,13.894840
CUBE_2,85.004,12.731935,1.908225,14.274643
CUBE_2,85.211,12.882542,1.980723,14.654821
CUBE_2,85.423,13.036082,2.054632,15.042414
CUBE_2,85.630,13.186303,2.126941,15.421622
CUBE_2,85.847,13.343926,2.202818,15.819514
CUBE_2,86.055,13.494155,2.275134,16.198748
CUBE_2,86.268,13.649229,2.349781,16.590200
CUBE_2,86.477,13.800935,2.422808,16.973160
CUBE_2,86.683,13.950323,2.494720,17.350264
CUBE_2,86.890,14.099858,2.566702,17.727743
CUBE_2,87.097,14.250510,2.639220,18.108036
CUBE_2,87.310,14.404756,2.713468,18.497404
CUBE_2,87.517,14.555207,2.785890,18.877192
CUBE_2,87.725,14.705749,2.858357,19.257204
CUBE_2,87.933,14.856354,2.930855,19.637394
CUBE_2,88.142,14.915544,2.992130,19.949732
CUBE_2,88.350,14.502527,2.993476,19.901876
CUBE_2,88.557,14.091263,2.994816,19.854244
CUBE_2,88.765,13.676364,2.996168,19.806179
CUBE_2,88.976,13.257541,2.997533,19.757648
CUBE_2,89.184,12.844261,2.998879,19.709764
CUBE_2,89.394,12.647150,2.999861,19.749807
CUBE_2,89.600,12.975316,2.999931,19.997856
CUBE_2,89.805,13.296625,2.999991,20.252283
CUBE_2,90.014,13.584540,2.999991,20.554710
CUBE_2,90.222,13.871067,2.999996,20.855669
CUBE_2,90.429,14.107670,2.999999,21.194956
CUBE_2,90.637,14.330329,2.999999,21.545824
CUBE_2,90.851,14.526710,2.999999,21.924118
CUBE_2,91.059,14.676733,2.999999,22.311308
CUBE_2,91.300,14.830823,2.999999,22.766512
CUBE_2,91.508,14.902351,2.999999,23.175648
CUBE_2,91.724,14.976678,2.999999,23.600821
CUBE_2,91.932,14.972058,2.999999,24.016829
CUBE_2,92.141,14.962300,2.999999,24.435020
CUBE_2,92.349,14.904629,2.999999,24.845703
CUBE_2,92.556,14.814335,2.999999,25.250196
CUBE_2,92.771,14.700278,2.999999,25.661312
CUBE_2,92.977,14.533504,2.999999,26.039179
CUBE_2,93.183,14.367096,2.999999,26.416237
CUBE_2,93.391,14.135254,2.999999,26.761068
CUBE_2,93.599,13.896740,2.999999,27.100811
CUBE_2,93.807,13.624796,2.999999,27.412506
CUBE_2,94.015,13.323636,2.999999,27.699816
CUBE_2,94.222,13.014267,2.999999,27.974104
CUBE_2,94.430,12.664190,2.999999,28.196609
CUBE_2,94.635,12.316912,2.999999,28.417326
CUBE_2,94.841,11.940471,2.999999,28.579384
CUBE_2,95.048,11.553250,2.999999,28.729300
CUBE_2,95.256,11.156555,2.999999,28.843983
CUBE_2,95.463,10.749143,2.999999,28.915348
CUBE_2,95.678,10.323383,2.999999,28.979950
CUBE_2,95.910,9.859840,2.999999,28.969156
CUBE_2,96.118,9.443533,2.999999,28.959465
CUBE_2,96.327,9.035355,2.999999,28.877787
CUBE_2,96.542,8.615388,2.999999,28.784235
CUBE_2,96.754,8.215979,2.999999,28.646164
CUBE_2,96.961,7.838380,2.999999,28.479486
CUBE_2,97.167,7.452996,2.994287,28.343426
CUBE_2,97.374,7.042254,2.968094,28.318253
CUBE_2,97.582,6.626739,2.941597,28.292793
CUBE_2,97.789,6.214275,2.914203,28.274017
CUBE_2,97.997,5.800749,2.886693,28.255476
CUBE_2,98.206,5.383873,2.858920,28.237005
CUBE_2,98.415,4.966666,2.831109,28.218626
CUBE_2,98.622,4.554053,2.803603,28.200455
CUBE_2,98.827,4.146019,2.776401,28.182499
CUBE_2,99.035,3.731283,2.748752,28.164246
CUBE_2,99.241,3.319826,2.721321,28.146135
CUBE_2,99.684,2.812500,2.687500,28.123798
CUBE_2,99.972,2.238691,2.649247,28.098541
CUBE_2,100.179,1.824915,2.621661,28.080330
CUBE_2,100.386,1.413581,2.594238,28.062222
CUBE_2,100.601,0.984417,2.565628,28.043329
CUBE_2,100.809,0.569992,2.538000,28.025089
CUBE_2,101.026,0.136154,2.509077,28.005993
CUBE_2,101.241,0.048310,2.503221,28.002125
CUBE_3,101.255,0.046349,2.502273,27.992889
CUBE_3,101.481,0.045603,2.462014,27.542524
CUBE_3,101.690,0.044916,2.424933,27.127684
CUBE_3,101.896,0.044235,2.388162,26.716312
CUBE_3,102.106,0.043542,2.350777,26.298090
CUBE_3,102.313,0.042860,2.313951,25.886141
CUBE_3,102.520,0.042178,2.277104,25.473934
CUBE_3,102.727,0.041495,2.240257,25.061737
CUBE_3,102.959,0.040731,2.198983,24.599997
CUBE_3,103.168,0.040039,2.161651,24.182364
CUBE_3,103.375,0.039356,2.124748,23.769552
CUBE_3,103.584,0.038668,2.087617,23.354177
CUBE_3,103.791,0.037985,2.050732,22.941540
CUBE_3,104.001,0.037293,2.013356,22.523409
CUBE_3,104.208,0.036609,1.976430,22.110313
CUBE_3,104.415,0.035926,1.939569,21.697950
CUBE_3,104.626,0.035232,1.902079,21.278563
CUBE_3,104.837,0.034537,1.864575,20.859003
CUBE_3,105.045,0.033849,1.827421,20.443363
CUBE_3,105.253,0.033162,1.790351,20.028669
CUBE_3,105.460,0.032479,1.753497,19.616365
CUBE_3,105.683,0.031747,1.713935,19.173796
CUBE_3,105.890,0.031063,1.677019,18.760799
CUBE_3,106.104,0.030356,1.638863,18.333944
CUBE_3,106.312,0.029671,1.601891,17.920338
CUBE_3,106.520,0.028985,1.564823,17.505667
CUBE_3,106.763,0.028181,1.521449,17.020439
CUBE_3,106.973,0.027489,1.484085,16.602448
CUBE_3,107.180,0.026806,1.447210,16.189936
CUBE_3,107.389,0.026119,1.410092,15.774704
CUBE_3,107.597,0.025432,1.373035,15.360142
CUBE_3,107.803,0.024752,1.336337,14.949597
CUBE_3,108.009,0.024072,1.299592,14.538535
CUBE_3,108.215,0.023393,1.262927,14.128371
CUBE_3,0.000,2.144170,0.500000,2.838760
CUBE_3,0.000,2.144170,0.500000,2.838760
CUBE_3,0.020,2.144170,0.500000,2.838760
CUBE_3,0.020,2.144170,0.500000,2.838760
CUBE_3,0.020,2.144170,0.500000,2.838760
CUBE_3,0.020,2.144170,0.500000,2.838760
CUBE_3,0.020,2.144170,0.500000,2.838760
CUBE_3,0.020,2.144170,0.500000,2.838760
CUBE_3,0.020,2.144170,0.500000,2.838760
CUBE_3,0.020,2.144170,0.500000,2.838760
CUBE_3,0.020,2.144170,0.500000,2.838760
CUBE_3,0.020,2.144170,0.500000,2.838760
CUBE_3,0.020,2.144170,0.500000,2.838760
