target_id,event,t_host,t_sim,ref_msg_id
CUBE_1,start,1762439484.451,0.105,dfc7c381-c461-41e0-bae3-722fb7ada838
CUBE_2,start,1762439484.474,0.135,0bd13d46-baab-4f64-8c3a-dd61d91dbfb5
CUBE_3,start,1762439493.467,9.049,eb530b1c-b8d1-497c-a50f-ee96d9f03c1c
CUBE_1,start,1762439493.504,9.169,f7850ce7-a6ae-4df0-9260-9acd49ced0e7
CUBE_3,start,1762439538.279,53.938,0a29dc9e-2f81-479d-9302-d4997f6188a6
CUBE_1,start,1762439538.375,53.981,78ab6622-4cd1-462b-974f-7170ff73c4dc
CUBE_2,start,1762439549.346,0.116,c50bd418-cbb4-4d22-8e17-f580be6ce2c1
CUBE_1,start,1762439549.381,0.281,4584905a-f1e2-417b-aa7c-467edfccc28b
CUBE_1,start,1762439554.137,4.965,98befb24-ec59-428d-b835-c925295f67ba
CUBE_3,start,1762439554.166,5.073,ca48199d-4832-478b-9264-02f2d63e95a6
CUBE_3,start,1762439738.610,17.574,3ffdc3b2-a1de-41fc-a398-987236bbe0bc
CUBE_1,start,1762439738.619,17.586,8dbdd3b3-e2e3-4564-a186-0b3ac9093e02
CUBE_1,start,1762440057.140,205.410,5344ca25-a756-4c81-9072-422e4e476254
CUBE_2,start,1762440057.155,205.426,a442f6c4-3d49-4f0d-94d9-0340b58e230e
CUBE_1,start,1762440062.441,210.700,caead0da-a43a-4284-941e-1f23d75067ff
CUBE_2,start,1762440062.519,210.725,e62d2d42-703d-4f71-b3fb-9af58f32af0f
CUBE_2,start,1762440065.905,214.128,2c985b23-95b4-4729-9821-29e3dab88e53
CUBE_3,start,1762440065.918,214.190,9b5c6b7c-698b-4271-98bb-81f35dddb064
CUBE_1,start,1762440287.953,7.329,fc042f20-b57f-4807-990e-6b12461d4933
CUBE_3,start,1762440287.964,7.347,14002d55-5f9f-4141-9649-1b6c07a8de3e
CUBE_3,stop,1762440315.796,35.021,14002d55-5f9f-4141-9649-1b6c07a8de3e
CUBE_2,start,1762440316.007,35.391,261c6901-4249-4a50-a779-7a57e5c31dd7
CUBE_1,start,1762440362.074,0.168,b5dcea0a-0148-4f9e-ab0a-dfb2940b1217
CUBE_2,start,1762440362.124,0.238,9883924b-ab0e-4b74-975b-9c4955182475
CUBE_1,start,1762440365.747,3.902,d1782b63-e58b-4c0f-89a4-7d728d4f0346
CUBE_3,start,1762440365.756,3.911,675c38ec-5bc8-485a-b9d5-609f8c90dbd8
CUBE_2,start,1762440384.121,2.793,c5a1417c-7b05-4846-b503-fc0b4f75a88f
CUBE_1,start,1762440384.130,2.808,d7fb0b2a-06fd-4e57-a545-6e6a3bacd7a3
CUBE_3,start,1762440387.682,6.353,7be719b1-627c-41a6-b372-1836333a9e85
CUBE_2,start,1762440387.694,6.368,b8bcd297-ba1e-41f4-bb18-2741f5b2d47f
CUBE_3,start,1762440421.180,3.095,6b05d45f-dd99-4d3f-98dc-03e800e60984
CUBE_1,start,1762440421.193,3.119,407391a8-4086-4603-8832-4d5dae783eab
CUBE_3,stop,1762440450.220,32.103,6b05d45f-dd99-4d3f-98dc-03e800e60984
CUBE_3,start,1762440450.435,32.360,54c422e5-4a45-4b5e-b66f-19c554cbc201
CUBE_3,stop,1762440477.418,59.173,54c422e5-4a45-4b5e-b66f-19c554cbc201
CUBE_2,start,1762440477.633,59.558,6e0c98f1-6c8b-43b0-9da9-13b66b4d144f
CUBE_1,start,1762441072.171,16.489,2c036b43-69b8-4b73-8a9b-fec7dd3dabc0
CUBE_2,start,1762441072.181,16.532,589c9122-dbce-4b4e-8385-c3e2a8e122bb
CUBE_1,start,1762441075.599,19.950,135880f7-6f62-475e-93d2-006cc5314937
CUBE_2,start,1762441075.612,19.961,4d25e7c7-5fac-4706-8ddb-61488b9becc3
CUBE_1,start,1762441078.578,22.923,fcf798b5-8a61-432e-9596-4fca038c13f3
CUBE_2,start,1762441078.599,22.947,fc7c9ed3-8bca-4a69-a840-87c08c445738
CUBE_1,start,1762441081.849,26.198,d1b1e834-9a70-4e35-bb50-bdd7e311845f
CUBE_3,start,1762441081.864,26.212,72119e6f-43c2-4ac3-9a29-8f3c7a3745c0
CUBE_1,start,1762441293.086,7.684,6e91dcfa-d7ab-4e91-bcb8-182eb3e56e49
CUBE_3,start,1762441293.096,7.699,c11de4c9-73fe-401b-b191-b4725d58b6cd
CUBE_3,start,1762441370.828,7.580,72cb7f48-4f64-4e8a-bad8-7645b76a9d1f
CUBE_1,start,1762441370.837,7.592,0772e1fb-3294-442d-a7f2-46c3b89b5db6
CUBE_1,start,1762441469.346,7.622,64b7ff2e-c173-4f4e-91c0-d7862dd79b17
CUBE_3,start,1762441469.363,7.639,b1fdc4c0-4be8-40d8-bfad-0440acc2f3e1
CUBE_3,start,1762441545.551,7.518,7e788a17-c3ba-4501-98bc-79fa057ae0b2
CUBE_2,start,1762441545.561,7.552,bad93e7b-4f37-4d74-84ce-36d8fbb32e15
CUBE_3,stop,1762441610.067,71.882,7e788a17-c3ba-4501-98bc-79fa057ae0b2
CUBE_1,start,1762441610.277,72.269,f6e87d03-15bc-4f1e-9725-3bccfec32d28
CUBE_2,start,1762441641.665,0.195,ab14aca7-0524-4c98-af5a-20ad397fd3d6
CUBE_3,start,1762441641.699,0.291,b9bfd54e-c662-4d77-bd98-81e3124b1d24
CUBE_3,start,1762441788.379,36.323,88bd7854-cb47-48b8-b9e6-688727daf683
CUBE_2,start,1762441788.393,36.363,e4e52152-9807-4956-8651-fb39b4d26ca7
CUBE_3,start,1762441974.197,66.409,227d9d69-4358-4cb4-85f9-4b0aeb86fdad
CUBE_1,start,1762441974.206,66.424,ba592cce-ba80-41f5-af71-7d2e5e9abc40
CUBE_3,start,1762442494.015,17.954,a6d8e2f4-ce6e-4a17-af7f-1bf5a2648376
CUBE_2,start,1762442494.172,17.954,ba6b5551-1788-400c-9b8b-c9a763058a68
CUBE_3,start,1762442499.952,17.954,238b9f54-637b-42c8-8ea4-91d75e517d8e
CUBE_1,start,1762442500.270,17.954,9805ab9a-767a-4e1d-99c2-67ee0c92dd12
CUBE_1,start,1762442554.430,7.287,4244e349-9a61-4fac-bbfa-364d248d6268
CUBE_1,start,1762442554.470,7.334,141c5da8-dedb-47c7-9262-c5bcb6c2590b
CUBE_1,start,1762442554.488,17.954,03c4a7ff-71cb-4ff4-8df1-1d7a28abce67
CUBE_1,start,1762442554.510,7.373,1a1e34c0-f380-424a-9a97-2243c1fdceea
CUBE_1,start,1762442554.556,7.411,b5139928-6567-4fe4-9091-882151e605f3
CUBE_1,start,1762442554.588,17.954,82e90b54-1b31-4d92-af4c-4e1fc0c5cb84
CUBE_1,start,1762442554.594,7.458,f1807573-3fb8-42af-b756-803aafbc983b
CUBE_1,start,1762442554.629,7.497,aa7291cf-9d18-4ad6-acb8-8362f9e24d7f
CUBE_1,start,1762442554.655,7.525,78bdf26b-a839-48a3-8257-28213794123d
CUBE_1,start,1762442554.699,17.954,2745ed2d-af5b-4153-a93c-3e9ad0ade1e8
CUBE_1,start,1762442554.700,7.555,6967da1f-ccb2-4a9c-95ff-6a7973e3f6ea
CUBE_1,start,1762442554.738,7.604,6655e892-d042-4267-943b-716add3bfcb0
CUBE_1,start,1762442554.778,7.642,8f2e9640-cdb9-4995-a0e2-63a4ed60b707
CUBE_1,start,1762442554.813,17.954,2a750c42-2815-423d-8329-5c53ce06da65
CUBE_1,start,1762442554.830,7.679,fea9706a-fd4c-4a9c-9ef4-d3b02aa3f0cf
CUBE_1,start,1762442554.883,7.738,4191c46c-f340-40b5-995d-e2aa42ffcacc
CUBE_1,start,1762442554.903,17.954,4abc3134-0e45-423d-8339-5b77e5f5a318
CUBE_1,start,1762442554.910,7.784,4de34106-e0c5-435a-9c56-56902ec90a96
CUBE_1,start,1762442554.940,7.805,a8600543-db81-4a7a-bbc6-0d61900be29b
CUBE_1,start,1762442554.979,7.843,72da3d00-d2cc-4371-81fd-9a771d129f57
CUBE_1,start,1762442555.006,7.880,43f9083c-f215-4b73-a70f-a8853e7a4eb9
CUBE_1,start,1762442555.006,17.954,defe20ce-587d-410a-a5bc-e2d9b6b64fb0
CUBE_1,start,1762442555.036,7.902,edfc9915-d965-420e-a625-9500c567a19c
CUBE_1,start,1762442555.075,7.940,4f404107-8a56-4360-94ab-b5ae61fa071a
CUBE_1,start,1762442555.110,17.954,29726db5-8bd3-459d-8303-180c851cfd59
CUBE_1,start,1762442555.124,7.978,9a354dad-8169-4df4-b872-f524f2520e1e
CUBE_1,start,1762442555.162,8.025,7a2eda6d-201d-4394-8d55-25737cfd6c0a
CUBE_1,start,1762442555.200,8.063,53388a1c-b48d-4ce0-9222-45a39988d3ae
CUBE_1,start,1762442555.218,17.954,1362a65b-ee5c-47db-8174-925cf0925078
CUBE_1,start,1762442555.240,8.102,d509284e-d5bf-43a2-9d97-9c829da8c3c4
CUBE_1,start,1762442555.287,8.141,30b9bee8-94ba-41e3-9b56-b4756378e9bd
CUBE_1,start,1762442555.322,17.954,6fc47f4f-4731-4e54-8568-e3ff370c1290
CUBE_1,start,1762442555.323,8.188,10ea8274-db21-46cb-9705-83bb6bdfdfbe
CUBE_1,start,1762442555.359,8.219,b185c61f-efbb-4436-b388-6bbd3d27bc56
CUBE_1,start,1762442555.392,8.255,319e3845-7a73-4eed-bc3d-cfba3a49b8ed
CUBE_1,start,1762442555.429,17.954,d1cb332c-086c-4dc2-9d57-8eaae4e02de3
CUBE_1,start,1762442555.448,8.294,dd4f2557-a106-4522-a3de-e83f8f031abf
CUBE_1,start,1762442555.497,8.351,d33eef7b-ae98-4478-965b-a5f77b7cc67e
CUBE_1,start,1762442555.525,17.954,6b484c36-911c-40ca-973c-83a31e4e176b
CUBE_1,start,1762442555.534,8.399,4c234980-4fa1-4389-a381-b91110021bde
CUBE_1,start,1762442555.578,8.438,c345ae55-f852-43c1-916a-21f6a7f6d5dd
CUBE_1,start,1762442555.621,8.476,c22db585-b462-4deb-920b-56fe5215d629
CUBE_1,start,1762442555.631,17.954,715ff2df-c3d7-43c7-9888-005e0721954b
CUBE_1,start,1762442555.668,8.522,4d5cb835-839f-43b7-a579-776d3ac10fa5
CUBE_1,start,1762442555.707,8.572,e970e020-58fb-4ce2-a18b-88ccc813e992
CUBE_1,start,1762442555.734,17.954,ba3a975f-a7b1-49af-904d-86e55a0351a9
CUBE_1,start,1762442555.745,8.610,01cd1aa0-a32a-4406-aa5c-c8f6f664f6fc
CUBE_1,start,1762442555.785,8.648,8aabeb20-174b-417a-a8ba-127fd2a8df84
CUBE_1,start,1762442555.841,17.954,e522ef72-62ce-4099-add1-cc420834be67
CUBE_1,start,1762442555.842,8.685,ba4a13f9-e017-4b17-990c-20352290510a
CUBE_1,start,1762442555.880,8.743,e4b5fcaa-d832-4a11-8ed2-eefa243bf1ab
CUBE_1,start,1762442555.933,8.782,e47b240f-b448-4a05-bb1d-d648d4e07ee2
CUBE_1,start,1762442555.944,17.954,4eadd978-dcee-4c43-8e98-b505e34fba50
CUBE_1,start,1762442555.975,8.839,4c9f520f-f7f6-4e0d-a82e-350dd0cef9ac
CUBE_1,start,1762442556.009,8.877,235c22cc-ce90-4098-9997-a52db01a3bc4
CUBE_1,start,1762442556.040,8.905,49922e87-ac33-4c88-bb6f-b1cae6eaa11e
CUBE_1,start,1762442556.049,17.954,f3ab148d-f3af-4a7d-9c9b-d7962c264523
CUBE_1,start,1762442556.068,8.935,8764b3e2-3d68-441a-be69-0f4bc63978db
CUBE_1,start,1762442556.105,8.972,724252c3-730f-4542-bfb6-dbaa8b2ac159
CUBE_1,start,1762442556.136,9.002,9af2e6e7-f70c-4ede-ba88-e483a12045e7
CUBE_1,start,1762442556.155,17.954,80e9e5a6-517d-45eb-b6d7-12a7b94e1c70
CUBE_1,start,1762442556.177,9.039,32ed8084-191b-4918-92a1-ad8aeb88c812
CUBE_1,start,1762442556.259,17.954,cf718401-fa45-4b76-ae06-9e1475186e4b
CUBE_1,start,1762442556.262,9.077,76400976-86af-446f-a70b-cbbefb566b28
CUBE_1,start,1762442556.298,9.163,90faacde-02d8-452e-9b09-f93c7480197f
CUBE_1,start,1762442556.338,9.203,7441381d-63ed-4d2f-81be-56b51906af88
CUBE_1,start,1762442556.361,17.954,1c3edba9-5cb3-4fef-a9d4-f8828e043449
CUBE_1,start,1762442556.376,9.241,7951d7eb-aa14-44b8-815e-2706f5ced993
CUBE_1,start,1762442556.414,9.278,b30ce88d-9096-44ee-a2ca-fdf28eea3520
CUBE_1,start,1762442556.443,9.309,879327bb-c8e9-4e19-9b22-7e16ecf263a5
CUBE_1,start,1762442556.477,9.337,dc269296-e3da-420c-81d1-ecd985585d06
CUBE_1,start,1762442556.511,9.375,bd3d3978-3b08-4026-a342-f03941072be0
CUBE_1,start,1762442556.514,17.954,655b42ee-2f7d-4d73-bb6c-55a99bf64186
CUBE_1,start,1762442556.542,9.405,855fac38-d50f-4ec8-8f9a-cb81c59fa5f5
CUBE_1,start,1762442556.579,9.444,40ef83e1-f917-4b55-a3f7-a3ad9a1ce0a3
CUBE_1,start,1762442556.616,17.954,b5996553-e82b-400b-b82f-478e2f117cf9
CUBE_1,start,1762442556.617,9.481,24638978-8b58-4560-aba6-949de5abd4fc
CUBE_1,start,1762442556.642,9.511,232d6241-f1d4-4df6-b35b-05a93a3b050f
CUBE_1,start,1762442556.680,9.541,b7517d1d-cbb0-4eea-bcca-7fde25d57693
CUBE_1,start,1762442556.721,9.594,5e943828-98e2-4352-a8dd-8a5cd59e08a1
CUBE_1,start,1762442556.721,17.954,5b6c4269-4f4d-4d8c-a6e0-137f14ccdf2d
CUBE_1,start,1762442556.744,9.616,160e6991-5808-441d-a77e-6a5e3437514f
CUBE_1,start,1762442556.776,9.639,45ae3d68-5796-458d-b58f-98ca19094bc6
CUBE_1,start,1762442556.810,9.672,64516908-f8ee-4668-9d10-8e8ca329928e
CUBE_1,start,1762442556.825,17.954,0197266e-7609-49ba-bf6c-7ee43f1dbe60
CUBE_1,start,1762442556.842,9.705,a4964a50-4fe4-4438-aafd-d8df7f69cfcb
CUBE_1,start,1762442556.863,9.737,43b0624e-4084-4b00-9851-fc41457a04c1
CUBE_1,start,1762442556.888,9.759,0ac9f041-e0e4-4ff9-bea2-69c1b64d527f
CUBE_1,start,1762442556.929,9.793,2e9effdd-2800-4664-a94b-bdd3d0ad7897
CUBE_1,start,1762442556.931,17.954,6fec5aa8-8704-42eb-bf17-eb0f8dfc6c22
CUBE_1,start,1762442556.953,9.826,6ea28556-366e-4237-8e46-cf9aef9be8e9
CUBE_1,start,1762442556.974,9.847,eade1eee-02a2-40d7-8491-af565c0d75a6
CUBE_1,start,1762442557.022,9.881,8451f666-509b-4bde-a5f9-5e3f24b2d035
CUBE_1,start,1762442557.036,17.954,1b4446af-4ac5-422f-8f5f-a59b63777a8d
CUBE_1,start,1762442557.060,9.922,485e29ec-000b-42c2-8948-f0c7e8d3d774
CUBE_1,start,1762442557.100,9.964,ec0af850-58f6-42cf-82d4-0e7ce364b621
CUBE_1,start,1762442557.136,17.954,3b110bef-3a7c-4a5e-b610-c42cbfbc0318
CUBE_1,start,1762442557.138,10.004,0ec729f2-9a44-463a-8d2f-3c74c89b6ec4
CUBE_1,start,1762442557.180,10.044,1af3a111-f43d-484a-b674-13a57f3de8bb
CUBE_1,start,1762442557.222,10.083,bfe57386-174c-431d-bf1c-1885393050a1
CUBE_1,start,1762442557.240,17.954,ed55bc30-59c7-470e-87b5-0ccd1caa6b74
CUBE_1,start,1762442557.258,10.122,4a5621d5-374d-4d1e-886b-1b19e8a9e177
CUBE_1,start,1762442557.296,10.160,faf05181-e72c-48ea-9a4b-3d90f40c41d6
CUBE_1,start,1762442557.348,17.954,9208b8c6-f067-48cc-9522-81b75ab273ef
CUBE_1,start,1762442557.349,10.211,b4d28c28-595e-48a3-85ca-8e69786fa5e8
CUBE_1,start,1762442557.395,10.257,0b9ebf16-2bd7-478e-ba79-3f2a74e55364
CUBE_1,start,1762442557.431,10.297,dc5089e0-44c6-492f-957b-0902184a7c74
CUBE_1,start,1762442557.448,17.954,37226cf3-e625-4e80-87ce-a2d09e734818
CUBE_1,start,1762442557.473,10.335,698b9e1c-e943-4684-8ec9-00d4ad2b861b
CUBE_1,start,1762442557.513,10.373,ec084edd-2e49-44d2-ad91-3eb36ad1165f
CUBE_1,start,1762442557.556,17.954,fce08d52-16e8-4678-b15e-1ecd0980e1a0
CUBE_1,start,1762442557.559,10.422,4e41d1e2-47f8-4cf2-9aa5-8e3467156fe8
CUBE_1,start,1762442557.597,10.459,89730ba5-2187-406c-8bd8-67562fb629ee
CUBE_1,start,1762442557.643,10.498,e5d2678d-9468-4250-bb1a-a551b07d119a
CUBE_1,start,1762442557.656,17.954,224a164d-96a3-42f7-a26c-257e8599fc56
CUBE_1,start,1762442557.682,10.547,670acb1c-3571-4ac0-b851-2dde37282e60
CUBE_1,start,1762442557.712,10.576,215ae914-a182-4b29-b776-3c6a5bc2f589
CUBE_1,start,1762442557.740,10.605,2f14d95e-48d2-4ee2-9b01-73967247b34d
CUBE_1,start,1762442557.763,17.954,7f4c467c-6ca9-40e7-b6ea-3eb411a24119
CUBE_1,start,1762442557.778,10.644,1fe8d1be-15af-4092-85c6-2df57ff61764
CUBE_1,start,1762442557.820,10.681,632733c8-3a9e-42ca-82ab-1f5785c4369e
CUBE_1,start,1762442557.856,10.722,20801576-37e8-4696-ada0-62c92fbb46ac
CUBE_1,start,1762442557.868,17.954,13e654a7-a804-4ba1-895a-6ee7307ebcd1
CUBE_1,start,1762442557.884,10.750,c75ccfa8-f26e-4106-b9dd-4aabfd89078a
CUBE_1,start,1762442557.914,10.780,840b0e00-d2f7-47f3-9e9b-9d55b5b8b3d1
CUBE_1,start,1762442557.943,10.817,fb6d8f7c-9c4e-4c08-bf75-896dccdb2730
CUBE_1,start,1762442557.970,17.954,a306769c-a784-4f72-a428-b24bec64dfff
CUBE_1,start,1762442557.972,10.836,78700aff-d0e7-42cb-9670-66721a97a14a
CUBE_1,start,1762442558.013,10.876,0ce649e9-4c2c-4cf9-9fee-ec6f39094354
CUBE_1,start,1762442558.049,10.914,61c6a39f-7194-43c8-bf89-d8aea5082fee
CUBE_1,start,1762442558.076,17.954,7c3f7bb2-cd85-46a7-bee6-068099e4beec
CUBE_1,start,1762442558.088,10.953,19a1bd00-1a67-4e80-9904-111e37da29b2
CUBE_1,start,1762442558.126,10.990,e7dc7d2a-0266-448d-bc94-d5889bd26e93
CUBE_1,start,1762442558.156,11.028,942ec34e-a7bd-43d9-9c62-161fb832aded
CUBE_1,start,1762442558.176,17.954,8111862d-8da7-4cb7-85a1-232103441d5b
CUBE_1,start,1762442558.187,11.057,63ab0ea6-f9c1-46e3-86f4-75a4f0b6d893
CUBE_1,start,1762442558.266,11.087,b838c2b9-e3af-4da8-995d-61784ce196c3
CUBE_1,start,1762442558.279,17.954,412a97ca-c6cf-4550-ac23-82d4aa2163ea
CUBE_1,start,1762442558.304,11.165,eb172273-80d3-40e1-b043-eed124c87dcc
CUBE_1,start,1762442558.351,11.205,242f8e8a-1647-4594-9203-e1e39707c8d9
CUBE_1,start,1762442558.382,17.954,5e9d70a7-f189-44ef-9c41-3608d21439c2
CUBE_1,start,1762442558.390,11.253,21d60781-406c-4c10-b10d-099aa4d8bb74
CUBE_1,start,1762442558.430,11.292,5ca8688c-f27c-4c62-97bc-d0c8f8bdcd84
CUBE_1,start,1762442558.467,11.329,33f6cd0b-ae4a-4f3f-97cc-bbfeadb4cdb8
CUBE_1,start,1762442558.489,17.954,2a22e479-c0b0-4e68-b0da-34b0d3c87dae
CUBE_1,start,1762442558.505,11.369,18396d95-2329-4a0c-b8ee-cb0e87ee5383
CUBE_1,start,1762442558.542,11.407,fc8a1be5-7824-41f1-8a57-79260ba8bfb5
CUBE_1,start,1762442558.573,11.437,1634e13b-4fa9-4415-99ce-3c838ec29f58
CUBE_1,start,1762442558.593,17.954,5e67b397-2455-4282-81b7-258192e406ba
CUBE_1,start,1762442558.611,11.476,590016a4-6e19-412d-9820-99b32fe6bde1
CUBE_1,start,1762442558.651,11.513,1e2c395c-b7ad-4cc4-81e0-823924588d22
CUBE_1,start,1762442558.692,11.552,b36cb279-b9a7-43f2-91cc-be0bed62c541
CUBE_1,start,1762442558.761,17.954,c888afaa-25fd-445a-a37c-573931433d52
CUBE_1,start,1762442558.761,11.602,9e8a8b0b-87ac-4ad8-9fcf-11c56f2dd228
CUBE_1,start,1762442558.814,11.658,ce43cc33-d9d5-460f-a124-2de379b1119c
CUBE_1,start,1762442558.849,17.954,1379085a-8104-471d-b30e-1e0d7a0b4048
CUBE_1,start,1762442558.850,11.715,56fd752f-5afa-484a-a15b-a4df37e81cd7
CUBE_1,start,1762442558.892,11.753,22e107e2-8100-4f0b-9330-5de436c09bd0
CUBE_1,start,1762442558.944,11.802,8be0578c-3f00-4755-a9fa-c3b35e3b8f69
CUBE_1,start,1762442558.951,17.954,56201209-d094-4431-8d82-96404d948aac
CUBE_1,start,1762442559.022,11.840,a55d361a-1154-48a3-af9e-ab23a24ace25
CUBE_1,start,1762442559.062,17.954,50c0fe7d-5f36-49e5-8d1b-cf5c40cabed3
CUBE_1,start,1762442559.131,11.926,c66de4f4-5dd7-421b-b9f1-39d348cd3225
CUBE_1,start,1762442559.175,17.954,734eadc1-e250-4b0d-bd49-fda79c2dbe24
CUBE_1,start,1762442559.199,12.033,8d77ed26-4943-40f0-8998-dd44ef91aaef
CUBE_1,start,1762442559.271,17.954,f90dc669-f9d7-4cb8-a9ed-d07b7847a7d9
CUBE_1,start,1762442559.313,12.129,e395d826-2421-4872-9630-8bf683591f97
CUBE_1,start,1762442559.370,17.954,26538772-9725-4112-b03c-8b6ed13de938
CUBE_1,start,1762442559.389,12.237,656dfef1-fd27-482e-9db7-22de7d99de27
CUBE_1,start,1762442559.472,12.286,785cae11-150c-4331-90fb-cfa8e674b150
CUBE_1,start,1762442559.472,17.954,1c718caa-3666-4616-bff3-3a2b12a39cc4
CUBE_1,start,1762442559.559,12.384,4b1e3e3f-90d6-43ad-bf0e-a34018fedad0
CUBE_1,start,1762442559.574,17.954,50d1d6a5-d127-4f10-a4d4-3ffe65c6778e
CUBE_1,start,1762442559.601,12.463,81eed5ef-e88a-497e-a220-d3c634b3c02a
CUBE_1,start,1762442559.649,12.503,cccaa6b0-8850-4047-bf93-50025eccd680
CUBE_1,start,1762442559.672,17.954,31ca3a17-2d31-4392-8056-5fcc70638503
CUBE_1,start,1762442559.688,12.551,bda35f86-53a9-4fb2-87c8-cf4a9d66e150
CUBE_1,start,1762442559.721,12.587,78641512-c64b-43ad-b2af-392d4789b0c9
CUBE_1,start,1762442559.779,12.621,b5bf948e-4a97-42fc-9da3-fe0739a57811
CUBE_1,start,1762442559.781,17.954,1942a1de-a0d0-4591-82a2-a68c68bf68e8
CUBE_1,start,1762442559.827,12.681,c54714ad-6b26-4280-b5ae-a18deaa2eb7b
CUBE_1,start,1762442559.876,12.732,fdf6c639-39dd-4946-9116-5ef1cfbde120
CUBE_1,start,1762442559.878,17.954,dc59a1a3-bdb5-43c4-bae6-e86be5ce5fc3
CUBE_1,start,1762442559.908,12.779,7570b16f-a78e-49d4-b221-ac7d39b0f2ac
CUBE_1,start,1762442559.943,12.810,8130da18-0f79-4e65-8940-2562132576fc
CUBE_1,start,1762442559.973,12.839,b05c6f71-7924-4d30-95c1-512050d4e0ef
CUBE_1,start,1762442559.981,17.954,3425be4d-7fd6-4186-9bf2-3c963c1e6150
CUBE_1,start,1762442560.004,12.868,6392feb1-14cb-4d3f-914a-84210f21768b
CUBE_1,start,1762442560.086,17.954,e6fc6444-da89-407c-92c6-e71c5c664c7a
CUBE_1,start,1762442560.086,12.910,c22b1c30-2de8-4d5c-a162-da7251e880fc
CUBE_1,start,1762442560.114,12.986,23edff0f-ef1e-47bf-b215-bfd33d54d3a2
CUBE_1,start,1762442560.153,13.015,d7b3a2da-996d-42f1-a114-481bd6140932
CUBE_1,start,1762442560.213,17.954,7bf1ddb3-4dc3-4dbb-aad7-671ce58ab95e
CUBE_1,start,1762442560.229,13.055,e676958a-fbff-4e80-8b30-a6a5db5d8252
CUBE_1,start,1762442560.266,13.130,5c9713c1-6fa8-483f-a736-3eb2361c2ebd
CUBE_1,start,1762442560.295,13.168,a1515793-b7d3-4327-91f2-3f84ccf6c710
CUBE_1,start,1762442560.296,17.954,66a817f1-3b65-4a5f-9061-a6d3128d52b4
CUBE_1,start,1762442560.330,13.188,6a85a513-dc78-4458-bf5a-21d11328b638
CUBE_1,start,1762442560.364,13.228,50b3756c-faac-4047-8d28-4599c5e1eed7
CUBE_1,start,1762442560.398,17.954,7f3d558f-96d5-49ea-91b4-0ad231f6d7f7
CUBE_1,start,1762442560.412,13.265,69362e80-477d-414e-85b5-95c145a71e5c
CUBE_1,start,1762442560.441,13.310,1ab5d498-d8ad-4534-8cf0-a27aee12e4c8
CUBE_1,start,1762442560.468,13.337,4bd61fd9-248f-4858-8397-0b35e4290f4a
CUBE_1,start,1762442560.496,17.954,5c13c3bb-320e-44b7-b138-3bdd3eb23f9b
CUBE_1,start,1762442560.497,13.364,d99f384c-9d91-4abe-a73b-d24e54c25324
CUBE_1,start,1762442560.525,13.391,20caa3f9-6ec9-466c-a58c-57716e3fa1d0
CUBE_1,start,1762442560.559,13.422,6c8393f5-fc7a-4e89-877c-890c65f97ac9
CUBE_1,start,1762442560.586,13.454,e80ab4de-9ff2-47c1-8c45-81fb9fdb659a
CUBE_1,start,1762442560.602,17.954,cd022e39-b760-40e5-ab55-c05c613eb3d0
CUBE_1,start,1762442560.610,13.480,78d9061c-6f13-40dc-bd41-d4cc4966e668
CUBE_1,start,1762442560.641,13.506,4f08a3a2-5d74-4712-85a1-78680528d55d
CUBE_1,start,1762442560.665,13.538,5bc81068-7806-4879-acb1-7a59db45fa79
CUBE_1,start,1762442560.696,13.561,b24a4715-2a96-4ac5-a772-d73a6efc11c3
CUBE_1,start,1762442560.707,17.954,6c1dcda7-2c5d-474b-90c0-b37164cb2682
CUBE_1,start,1762442560.722,13.595,bf45d2fd-b790-434f-a8f2-e33c830d6ee0
CUBE_1,start,1762442560.751,13.621,395b17a3-8995-4a0e-b6df-6bb1f4e56e4c
CUBE_1,start,1762442560.777,13.647,e2949e07-1916-4ba4-a876-32e273b5449e
CUBE_1,start,1762442560.799,13.671,2397cdda-efe2-4d34-869f-c851bae27435
CUBE_1,start,1762442560.806,17.954,cfd6664a-fe4d-4dd7-8c6a-a5acb845bad4
CUBE_1,start,1762442560.820,13.694,2e7e46f0-1343-4d26-9b0c-fa99680c64e3
CUBE_1,start,1762442560.847,13.717,4a77e10d-b129-456c-bdcc-78e38b932d51
CUBE_1,start,1762442560.867,13.740,55d451fb-3e8d-4bb3-a9bd-2d9ac2377a60
CUBE_1,start,1762442560.890,13.762,d9d41e3f-4640-4607-86db-e3a746dd6777
CUBE_1,start,1762442560.910,17.954,55343d49-4e28-4c07-9dc3-d51838ed035a
CUBE_1,start,1762442560.913,13.786,12544b65-b4d9-4828-b4e0-7df4df0b6887
CUBE_1,start,1762442560.932,13.807,2dcc73f0-0cc4-4ae9-9dd0-0a5f03793552
CUBE_1,start,1762442560.952,13.827,44272f68-8152-4c7d-bc45-11c076c9a883
CUBE_1,start,1762442560.977,13.847,44d78a88-3f1b-4d87-b16c-565b63f39c3a
CUBE_1,start,1762442561.000,13.872,f6984e6a-48ed-46ae-beef-c93f91a0ace2
CUBE_1,start,1762442561.016,17.954,e9a59b70-4295-4bc2-8244-b453e6c0b3ea
CUBE_1,start,1762442561.027,13.897,e75abaee-2ed6-4b80-a4fb-e8580dcc8873
CUBE_1,start,1762442561.051,13.922,08e791a5-38a3-490b-b5e1-3458fa6a0aa0
CUBE_1,start,1762442561.072,13.944,8fc6b9fd-6591-4a60-9f88-89b075663534
CUBE_1,start,1762442561.120,17.954,c2f1cd2e-7f08-444e-87c9-2fb850da2dad
CUBE_1,start,1762442565.392,18.249,fe46a548-4218-448f-9ffc-5469f251dd8e
CUBE_1,start,1762442565.486,17.954,ed3b4699-2812-409e-a4c1-009ef6bd93a4
CUBE_1,start,1762442582.316,17.954,f5f85e39-c2e2-47a9-9d79-88908a49016f
CUBE_1,start,1762442603.731,17.954,a59006d9-68e2-4d6f-9847-5a6de28e3d3b
CUBE_1,start,1762442603.856,11.754,735c5857-ef07-47c6-8675-55a893fc8cd4
CUBE_1,start,1762442685.658,17.954,8745414b-f1ea-459c-aa0a-cef9fa55d9a9
CUBE_1,start,1762442723.124,17.954,974cee4a-035c-4e91-bced-f17fdeff4396
CUBE_3,start,1762442723.224,17.954,a26251f9-8741-469b-ad85-30053eeaf278
CUBE_1,start,1762442731.247,17.954,a167b451-caad-4a4f-98d3-41f19cf73a55
CUBE_2,start,1762442731.344,17.954,254058f3-7b6b-4b7f-ad63-1872b0a21254
CUBE_1,start,1762442740.359,17.954,880d03b1-13c7-407b-8d24-d076637058c7
CUBE_2,start,1762442740.461,17.954,f344aaea-1843-4a1d-bdf4-70c5e0228cd4
CUBE_3,start,1762442805.452,18.477,dab94c3d-abd2-4559-8500-16d1f4578071
CUBE_2,start,1762442805.557,18.477,62ccdb60-16a5-4308-b18e-eab5e8d696b6
CUBE_2,start,1762442826.566,18.477,d5f4d04d-e508-48e4-8f3a-dd46df29c2e0
CUBE_3,start,1762442826.669,18.477,561b20f2-78c4-4c1b-b991-bd233a4441ad
CUBE_1,start,1762442834.159,18.477,863561f3-eaba-40bf-9148-49f0968c1b04
CUBE_3,start,1762442834.261,18.477,f8a3cb20-a709-4c34-9ae9-58de6bb64e22
CUBE_1,start,1762442841.948,18.477,159203e6-bd16-425d-983b-cf4b7529a324
CUBE_2,start,1762442842.052,18.477,242ed72b-7622-4bec-a3e4-9f8bafbda4c8
CUBE_2,start,1762442846.062,18.477,e20c7417-03bd-4716-9f77-f4a0540a9c1e
CUBE_3,start,1762442846.211,18.477,aca05439-d4a1-4113-a4d6-4a6b2116bc83
CUBE_3,start,1762442910.089,0.081,d28a0d29-ab97-49de-9c27-90e8f95b32dd
CUBE_2,start,1762442910.109,0.183,5dfee9bc-bd36-4c4f-9a1d-e6b6822244d4
